2026-05-10 19:59:19,743:WARNING:
'cuml' is a soft dependency and not included in the pycaret installation. Please run: `pip install cuml` to install.
2026-05-10 19:59:19,759:WARNING:
'cuml' is a soft dependency and not included in the pycaret installation. Please run: `pip install cuml` to install.
2026-05-10 19:59:19,759:WARNING:
'cuml' is a soft dependency and not included in the pycaret installation. Please run: `pip install cuml` to install.
2026-05-10 19:59:19,759:WARNING:
'cuml' is a soft dependency and not included in the pycaret installation. Please run: `pip install cuml` to install.
2026-05-10 19:59:20,902:INFO:PyCaret ClassificationExperiment
2026-05-10 19:59:20,902:INFO:Logging name: clf-default-name
2026-05-10 19:59:20,902:INFO:ML Usecase: MLUsecase.CLASSIFICATION
2026-05-10 19:59:20,902:INFO:version 3.3.2
2026-05-10 19:59:20,902:INFO:Initializing setup()
2026-05-10 19:59:20,902:INFO:self.USI: 335e
2026-05-10 19:59:20,902:INFO:self._variable_keys: {'exp_id', 'fold_shuffle_param', 'seed', 'log_plots_param', 'n_jobs_param', 'idx', 'X', '_ml_usecase', 'y_test', 'USI', 'gpu_n_jobs_param', 'exp_name_log', 'fix_imbalance', 'data', 'fold_groups_param', 'pipeline', 'X_train', 'fold_generator', '_available_plots', 'X_test', 'y', 'memory', 'is_multiclass', 'target_param', 'logging_param', 'html_param', 'y_train', 'gpu_param'}
2026-05-10 19:59:20,902:INFO:Checking environment
2026-05-10 19:59:20,903:INFO:python_version: 3.11.0
2026-05-10 19:59:20,903:INFO:python_build: ('main', 'Oct 24 2022 18:26:48')
2026-05-10 19:59:20,903:INFO:machine: AMD64
2026-05-10 19:59:20,912:INFO:platform: Windows-10-10.0.19045-SP0
2026-05-10 19:59:20,917:INFO:Memory: svmem(total=17041371136, available=3657035776, percent=78.5, used=13384335360, free=3657035776)
2026-05-10 19:59:20,917:INFO:Physical Core: 6
2026-05-10 19:59:20,917:INFO:Logical Core: 12
2026-05-10 19:59:20,917:INFO:Checking libraries
2026-05-10 19:59:20,917:INFO:System:
2026-05-10 19:59:20,917:INFO:    python: 3.11.0 (main, Oct 24 2022, 18:26:48) [MSC v.1933 64 bit (AMD64)]
2026-05-10 19:59:20,917:INFO:executable: D:\GUARDAR\UNIVERSIDAD\3ºAño\Segundo cuatrimestre\Desarrollo con tecnologías emergentes\Laboratorio\TG3\.venv\Scripts\python.exe
2026-05-10 19:59:20,917:INFO:   machine: Windows-10-10.0.19045-SP0
2026-05-10 19:59:20,917:INFO:PyCaret required dependencies:
2026-05-10 19:59:20,918:WARNING:D:\GUARDAR\UNIVERSIDAD\3ºAño\Segundo cuatrimestre\Desarrollo con tecnologías emergentes\Laboratorio\TG3\.venv\Lib\site-packages\_distutils_hack\__init__.py:33: UserWarning: Setuptools is replacing distutils.
  warnings.warn("Setuptools is replacing distutils.")

2026-05-10 19:59:20,942:INFO:                 pip: 26.1.1
2026-05-10 19:59:20,942:INFO:          setuptools: 65.5.0
2026-05-10 19:59:20,942:INFO:             pycaret: 3.3.2
2026-05-10 19:59:20,942:INFO:             IPython: 9.13.0
2026-05-10 19:59:20,942:INFO:          ipywidgets: 8.1.8
2026-05-10 19:59:20,942:INFO:                tqdm: 4.67.3
2026-05-10 19:59:20,942:INFO:               numpy: 1.26.4
2026-05-10 19:59:20,942:INFO:              pandas: 2.1.4
2026-05-10 19:59:20,942:INFO:              jinja2: 3.1.6
2026-05-10 19:59:20,942:INFO:               scipy: 1.11.4
2026-05-10 19:59:20,942:INFO:              joblib: 1.3.2
2026-05-10 19:59:20,942:INFO:             sklearn: 1.4.2
2026-05-10 19:59:20,942:INFO:                pyod: 3.3.0
2026-05-10 19:59:20,942:INFO:            imblearn: 0.14.1
2026-05-10 19:59:20,943:INFO:   category_encoders: 2.7.0
2026-05-10 19:59:20,943:INFO:            lightgbm: 4.6.0
2026-05-10 19:59:20,943:INFO:               numba: 0.65.1
2026-05-10 19:59:20,943:INFO:            requests: 2.33.1
2026-05-10 19:59:20,943:INFO:          matplotlib: 3.7.5
2026-05-10 19:59:20,943:INFO:          scikitplot: 0.3.7
2026-05-10 19:59:20,943:INFO:         yellowbrick: 1.5
2026-05-10 19:59:20,943:INFO:              plotly: 6.7.0
2026-05-10 19:59:20,943:INFO:    plotly-resampler: Not installed
2026-05-10 19:59:20,943:INFO:             kaleido: 1.3.0
2026-05-10 19:59:20,943:INFO:           schemdraw: 0.15
2026-05-10 19:59:20,943:INFO:         statsmodels: 0.14.6
2026-05-10 19:59:20,943:INFO:              sktime: 0.26.0
2026-05-10 19:59:20,943:INFO:               tbats: 1.1.3
2026-05-10 19:59:20,943:INFO:            pmdarima: 2.0.4
2026-05-10 19:59:20,943:INFO:              psutil: 7.2.2
2026-05-10 19:59:20,943:INFO:          markupsafe: 3.0.3
2026-05-10 19:59:20,943:INFO:             pickle5: Not installed
2026-05-10 19:59:20,943:INFO:         cloudpickle: 3.1.2
2026-05-10 19:59:20,943:INFO:         deprecation: 2.1.0
2026-05-10 19:59:20,943:INFO:              xxhash: 3.7.0
2026-05-10 19:59:20,943:INFO:           wurlitzer: Not installed
2026-05-10 19:59:20,943:INFO:PyCaret optional dependencies:
2026-05-10 19:59:20,958:INFO:                shap: Not installed
2026-05-10 19:59:20,958:INFO:           interpret: Not installed
2026-05-10 19:59:20,958:INFO:                umap: Not installed
2026-05-10 19:59:20,958:INFO:     ydata_profiling: Not installed
2026-05-10 19:59:20,958:INFO:  explainerdashboard: Not installed
2026-05-10 19:59:20,958:INFO:             autoviz: Not installed
2026-05-10 19:59:20,958:INFO:           fairlearn: Not installed
2026-05-10 19:59:20,958:INFO:          deepchecks: Not installed
2026-05-10 19:59:20,958:INFO:             xgboost: Not installed
2026-05-10 19:59:20,958:INFO:            catboost: Not installed
2026-05-10 19:59:20,958:INFO:              kmodes: Not installed
2026-05-10 19:59:20,958:INFO:             mlxtend: Not installed
2026-05-10 19:59:20,958:INFO:       statsforecast: Not installed
2026-05-10 19:59:20,958:INFO:        tune_sklearn: Not installed
2026-05-10 19:59:20,958:INFO:                 ray: Not installed
2026-05-10 19:59:20,958:INFO:            hyperopt: Not installed
2026-05-10 19:59:20,958:INFO:              optuna: Not installed
2026-05-10 19:59:20,958:INFO:               skopt: Not installed
2026-05-10 19:59:20,958:INFO:              mlflow: Not installed
2026-05-10 19:59:20,958:INFO:              gradio: Not installed
2026-05-10 19:59:20,958:INFO:             fastapi: Not installed
2026-05-10 19:59:20,958:INFO:             uvicorn: Not installed
2026-05-10 19:59:20,958:INFO:              m2cgen: Not installed
2026-05-10 19:59:20,958:INFO:           evidently: Not installed
2026-05-10 19:59:20,958:INFO:               fugue: Not installed
2026-05-10 19:59:20,958:INFO:           streamlit: Not installed
2026-05-10 19:59:20,958:INFO:             prophet: Not installed
2026-05-10 19:59:20,958:INFO:None
2026-05-10 19:59:20,959:INFO:Set up data.
2026-05-10 19:59:20,966:INFO:Set up folding strategy.
2026-05-10 19:59:20,966:INFO:Set up train/test split.
2026-05-10 19:59:20,977:INFO:Set up index.
2026-05-10 19:59:20,977:INFO:Assigning column types.
2026-05-10 19:59:20,983:INFO:Engine successfully changes for model 'lr' to 'sklearn'.
2026-05-10 19:59:21,016:INFO:Engine for model 'knn' has not been set explicitly, hence returning None.
2026-05-10 19:59:21,019:INFO:Engine for model 'rbfsvm' has not been set explicitly, hence returning None.
2026-05-10 19:59:21,046:WARNING:
'xgboost' is a soft dependency and not included in the pycaret installation. Please run: `pip install xgboost` to install.
Alternately, you can install this by running `pip install pycaret[models]`
2026-05-10 19:59:21,046:WARNING:
'catboost' is a soft dependency and not included in the pycaret installation. Please run: `pip install catboost` to install.
Alternately, you can install this by running `pip install pycaret[models]`
2026-05-10 19:59:21,080:INFO:Engine for model 'knn' has not been set explicitly, hence returning None.
2026-05-10 19:59:21,080:INFO:Engine for model 'rbfsvm' has not been set explicitly, hence returning None.
2026-05-10 19:59:21,101:WARNING:
'xgboost' is a soft dependency and not included in the pycaret installation. Please run: `pip install xgboost` to install.
Alternately, you can install this by running `pip install pycaret[models]`
2026-05-10 19:59:21,102:WARNING:
'catboost' is a soft dependency and not included in the pycaret installation. Please run: `pip install catboost` to install.
Alternately, you can install this by running `pip install pycaret[models]`
2026-05-10 19:59:21,102:INFO:Engine successfully changes for model 'knn' to 'sklearn'.
2026-05-10 19:59:21,136:INFO:Engine for model 'rbfsvm' has not been set explicitly, hence returning None.
2026-05-10 19:59:21,156:WARNING:
'xgboost' is a soft dependency and not included in the pycaret installation. Please run: `pip install xgboost` to install.
Alternately, you can install this by running `pip install pycaret[models]`
2026-05-10 19:59:21,157:WARNING:
'catboost' is a soft dependency and not included in the pycaret installation. Please run: `pip install catboost` to install.
Alternately, you can install this by running `pip install pycaret[models]`
2026-05-10 19:59:21,190:INFO:Engine for model 'rbfsvm' has not been set explicitly, hence returning None.
2026-05-10 19:59:21,211:WARNING:
'xgboost' is a soft dependency and not included in the pycaret installation. Please run: `pip install xgboost` to install.
Alternately, you can install this by running `pip install pycaret[models]`
2026-05-10 19:59:21,211:WARNING:
'catboost' is a soft dependency and not included in the pycaret installation. Please run: `pip install catboost` to install.
Alternately, you can install this by running `pip install pycaret[models]`
2026-05-10 19:59:21,211:INFO:Engine successfully changes for model 'rbfsvm' to 'sklearn'.
2026-05-10 19:59:21,265:WARNING:
'xgboost' is a soft dependency and not included in the pycaret installation. Please run: `pip install xgboost` to install.
Alternately, you can install this by running `pip install pycaret[models]`
2026-05-10 19:59:21,266:WARNING:
'catboost' is a soft dependency and not included in the pycaret installation. Please run: `pip install catboost` to install.
Alternately, you can install this by running `pip install pycaret[models]`
2026-05-10 19:59:21,320:WARNING:
'xgboost' is a soft dependency and not included in the pycaret installation. Please run: `pip install xgboost` to install.
Alternately, you can install this by running `pip install pycaret[models]`
2026-05-10 19:59:21,321:WARNING:
'catboost' is a soft dependency and not included in the pycaret installation. Please run: `pip install catboost` to install.
Alternately, you can install this by running `pip install pycaret[models]`
2026-05-10 19:59:21,324:INFO:Preparing preprocessing pipeline...
2026-05-10 19:59:21,325:INFO:Set up label encoding.
2026-05-10 19:59:21,325:INFO:Set up simple imputation.
2026-05-10 19:59:21,326:INFO:Set up feature normalization.
2026-05-10 19:59:21,326:INFO:Set up column name cleaning.
2026-05-10 19:59:21,362:INFO:Finished creating preprocessing pipeline.
2026-05-10 19:59:21,367:INFO:Pipeline: Pipeline(memory=FastMemory(location=C:\Users\glope\AppData\Local\Temp\joblib),
         steps=[('label_encoding',
                 TransformerWrapperWithInverse(exclude=None, include=None,
                                               transformer=LabelEncoder())),
                ('numerical_imputer',
                 TransformerWrapper(exclude=None,
                                    include=['Marital status',
                                             'Application mode',
                                             'Application order', 'Course',
                                             'Daytime/evening attendance',
                                             'Previous q...
                                                              fill_value=None,
                                                              keep_empty_features=False,
                                                              missing_values=nan,
                                                              strategy='most_frequent'))),
                ('normalize',
                 TransformerWrapper(exclude=None, include=None,
                                    transformer=StandardScaler(copy=True,
                                                               with_mean=True,
                                                               with_std=True))),
                ('clean_column_names',
                 TransformerWrapper(exclude=None, include=None,
                                    transformer=CleanColumnNames(match='[\\]\\[\\,\\{\\}\\"\\:]+')))],
         verbose=False)
2026-05-10 19:59:21,367:INFO:Creating final display dataframe.
2026-05-10 19:59:21,482:INFO:Setup _display_container:                     Description                Value
0                    Session id                   42
1                        Target        Target_binary
2                   Target type               Binary
3                Target mapping  Exito: 0, Riesgo: 1
4           Original data shape           (3630, 37)
5        Transformed data shape           (3630, 37)
6   Transformed train set shape           (2904, 37)
7    Transformed test set shape            (726, 37)
8              Numeric features                   36
9                    Preprocess                 True
10              Imputation type               simple
11           Numeric imputation                 mean
12       Categorical imputation                 mode
13                    Normalize                 True
14             Normalize method               zscore
15               Fold Generator      StratifiedKFold
16                  Fold Number                   10
17                     CPU Jobs                   -1
18                      Use GPU                False
19               Log Experiment                False
20              Experiment Name     clf-default-name
21                          USI                 335e
2026-05-10 19:59:21,537:WARNING:
'xgboost' is a soft dependency and not included in the pycaret installation. Please run: `pip install xgboost` to install.
Alternately, you can install this by running `pip install pycaret[models]`
2026-05-10 19:59:21,537:WARNING:
'catboost' is a soft dependency and not included in the pycaret installation. Please run: `pip install catboost` to install.
Alternately, you can install this by running `pip install pycaret[models]`
2026-05-10 19:59:21,592:WARNING:
'xgboost' is a soft dependency and not included in the pycaret installation. Please run: `pip install xgboost` to install.
Alternately, you can install this by running `pip install pycaret[models]`
2026-05-10 19:59:21,592:WARNING:
'catboost' is a soft dependency and not included in the pycaret installation. Please run: `pip install catboost` to install.
Alternately, you can install this by running `pip install pycaret[models]`
2026-05-10 19:59:21,593:INFO:setup() successfully completed in 0.69s...............
2026-05-10 19:59:21,593:INFO:Initializing compare_models()
2026-05-10 19:59:21,593:INFO:compare_models(self=<pycaret.classification.oop.ClassificationExperiment object at 0x0000024621E85DD0>, include=None, exclude=None, fold=None, round=4, cross_validation=True, sort=F1, n_select=1, budget_time=None, turbo=True, errors=ignore, fit_kwargs=None, groups=None, experiment_custom_tags=None, probability_threshold=None, verbose=True, parallel=None, caller_params={'self': <pycaret.classification.oop.ClassificationExperiment object at 0x0000024621E85DD0>, 'include': None, 'exclude': None, 'fold': None, 'round': 4, 'cross_validation': True, 'sort': 'F1', 'n_select': 1, 'budget_time': None, 'turbo': True, 'errors': 'ignore', 'fit_kwargs': None, 'groups': None, 'experiment_custom_tags': None, 'probability_threshold': None, 'engine': None, 'verbose': True, 'parallel': None, '__class__': <class 'pycaret.classification.oop.ClassificationExperiment'>})
2026-05-10 19:59:21,593:INFO:Checking exceptions
2026-05-10 19:59:21,598:INFO:Preparing display monitor
2026-05-10 19:59:21,602:INFO:Initializing Logistic Regression
2026-05-10 19:59:21,602:INFO:Total runtime is 0.0 minutes
2026-05-10 19:59:21,602:INFO:SubProcess create_model() called ==================================
2026-05-10 19:59:21,602:INFO:Initializing create_model()
2026-05-10 19:59:21,602:INFO:create_model(self=<pycaret.classification.oop.ClassificationExperiment object at 0x0000024621E85DD0>, estimator=lr, fold=StratifiedKFold(n_splits=10, random_state=None, shuffle=False), round=4, cross_validation=True, predict=True, fit_kwargs={}, groups=None, refit=False, probability_threshold=None, experiment_custom_tags=None, verbose=False, system=False, add_to_model_list=True, metrics=None, display=<pycaret.internal.display.display.CommonDisplay object at 0x0000024622127A90>, model_only=True, return_train_score=False, error_score=0.0, kwargs={})
2026-05-10 19:59:21,602:INFO:Checking exceptions
2026-05-10 19:59:21,603:INFO:Importing libraries
2026-05-10 19:59:21,603:INFO:Copying training dataset
2026-05-10 19:59:21,614:INFO:Defining folds
2026-05-10 19:59:21,615:INFO:Declaring metric variables
2026-05-10 19:59:21,615:INFO:Importing untrained model
2026-05-10 19:59:21,616:INFO:Logistic Regression Imported successfully
2026-05-10 19:59:21,616:INFO:Starting cross validation
2026-05-10 19:59:21,617:INFO:Cross validating with StratifiedKFold(n_splits=10, random_state=None, shuffle=False), n_jobs=-1
2026-05-10 19:59:25,708:WARNING:D:\GUARDAR\UNIVERSIDAD\3ºAño\Segundo cuatrimestre\Desarrollo con tecnologías emergentes\Laboratorio\TG3\.venv\Lib\site-packages\_distutils_hack\__init__.py:33: UserWarning: Setuptools is replacing distutils.
  warnings.warn("Setuptools is replacing distutils.")

2026-05-10 19:59:25,713:WARNING:D:\GUARDAR\UNIVERSIDAD\3ºAño\Segundo cuatrimestre\Desarrollo con tecnologías emergentes\Laboratorio\TG3\.venv\Lib\site-packages\_distutils_hack\__init__.py:33: UserWarning: Setuptools is replacing distutils.
  warnings.warn("Setuptools is replacing distutils.")

2026-05-10 19:59:25,841:WARNING:D:\GUARDAR\UNIVERSIDAD\3ºAño\Segundo cuatrimestre\Desarrollo con tecnologías emergentes\Laboratorio\TG3\.venv\Lib\site-packages\_distutils_hack\__init__.py:33: UserWarning: Setuptools is replacing distutils.
  warnings.warn("Setuptools is replacing distutils.")

2026-05-10 19:59:25,850:WARNING:D:\GUARDAR\UNIVERSIDAD\3ºAño\Segundo cuatrimestre\Desarrollo con tecnologías emergentes\Laboratorio\TG3\.venv\Lib\site-packages\_distutils_hack\__init__.py:33: UserWarning: Setuptools is replacing distutils.
  warnings.warn("Setuptools is replacing distutils.")

2026-05-10 19:59:25,852:WARNING:D:\GUARDAR\UNIVERSIDAD\3ºAño\Segundo cuatrimestre\Desarrollo con tecnologías emergentes\Laboratorio\TG3\.venv\Lib\site-packages\_distutils_hack\__init__.py:33: UserWarning: Setuptools is replacing distutils.
  warnings.warn("Setuptools is replacing distutils.")

2026-05-10 19:59:25,873:WARNING:D:\GUARDAR\UNIVERSIDAD\3ºAño\Segundo cuatrimestre\Desarrollo con tecnologías emergentes\Laboratorio\TG3\.venv\Lib\site-packages\_distutils_hack\__init__.py:33: UserWarning: Setuptools is replacing distutils.
  warnings.warn("Setuptools is replacing distutils.")

2026-05-10 19:59:25,948:WARNING:D:\GUARDAR\UNIVERSIDAD\3ºAño\Segundo cuatrimestre\Desarrollo con tecnologías emergentes\Laboratorio\TG3\.venv\Lib\site-packages\_distutils_hack\__init__.py:33: UserWarning: Setuptools is replacing distutils.
  warnings.warn("Setuptools is replacing distutils.")

2026-05-10 19:59:25,997:WARNING:D:\GUARDAR\UNIVERSIDAD\3ºAño\Segundo cuatrimestre\Desarrollo con tecnologías emergentes\Laboratorio\TG3\.venv\Lib\site-packages\sklearn\metrics\_classification.py:1561: UserWarning: Note that pos_label (set to 'Riesgo') is ignored when average != 'binary' (got 'weighted'). You may use labels=[pos_label] to specify a single positive class.
  warnings.warn(

2026-05-10 19:59:26,001:WARNING:D:\GUARDAR\UNIVERSIDAD\3ºAño\Segundo cuatrimestre\Desarrollo con tecnologías emergentes\Laboratorio\TG3\.venv\Lib\site-packages\_distutils_hack\__init__.py:33: UserWarning: Setuptools is replacing distutils.
  warnings.warn("Setuptools is replacing distutils.")

2026-05-10 19:59:26,003:WARNING:D:\GUARDAR\UNIVERSIDAD\3ºAño\Segundo cuatrimestre\Desarrollo con tecnologías emergentes\Laboratorio\TG3\.venv\Lib\site-packages\_distutils_hack\__init__.py:33: UserWarning: Setuptools is replacing distutils.
  warnings.warn("Setuptools is replacing distutils.")

2026-05-10 19:59:26,003:WARNING:D:\GUARDAR\UNIVERSIDAD\3ºAño\Segundo cuatrimestre\Desarrollo con tecnologías emergentes\Laboratorio\TG3\.venv\Lib\site-packages\sklearn\metrics\_classification.py:1561: UserWarning: Note that pos_label (set to 'Riesgo') is ignored when average != 'binary' (got 'weighted'). You may use labels=[pos_label] to specify a single positive class.
  warnings.warn(

2026-05-10 19:59:26,006:WARNING:D:\GUARDAR\UNIVERSIDAD\3ºAño\Segundo cuatrimestre\Desarrollo con tecnologías emergentes\Laboratorio\TG3\.venv\Lib\site-packages\sklearn\metrics\_classification.py:1561: UserWarning: Note that pos_label (set to 'Riesgo') is ignored when average != 'binary' (got 'weighted'). You may use labels=[pos_label] to specify a single positive class.
  warnings.warn(

2026-05-10 19:59:26,007:WARNING:D:\GUARDAR\UNIVERSIDAD\3ºAño\Segundo cuatrimestre\Desarrollo con tecnologías emergentes\Laboratorio\TG3\.venv\Lib\site-packages\sklearn\metrics\_classification.py:1561: UserWarning: Note that pos_label (set to 'Riesgo') is ignored when average != 'binary' (got 'weighted'). You may use labels=[pos_label] to specify a single positive class.
  warnings.warn(

2026-05-10 19:59:26,012:WARNING:D:\GUARDAR\UNIVERSIDAD\3ºAño\Segundo cuatrimestre\Desarrollo con tecnologías emergentes\Laboratorio\TG3\.venv\Lib\site-packages\sklearn\metrics\_classification.py:1561: UserWarning: Note that pos_label (set to 'Riesgo') is ignored when average != 'binary' (got 'weighted'). You may use labels=[pos_label] to specify a single positive class.
  warnings.warn(

2026-05-10 19:59:26,016:WARNING:D:\GUARDAR\UNIVERSIDAD\3ºAño\Segundo cuatrimestre\Desarrollo con tecnologías emergentes\Laboratorio\TG3\.venv\Lib\site-packages\sklearn\metrics\_classification.py:1561: UserWarning: Note that pos_label (set to 'Riesgo') is ignored when average != 'binary' (got 'weighted'). You may use labels=[pos_label] to specify a single positive class.
  warnings.warn(

2026-05-10 19:59:26,026:WARNING:D:\GUARDAR\UNIVERSIDAD\3ºAño\Segundo cuatrimestre\Desarrollo con tecnologías emergentes\Laboratorio\TG3\.venv\Lib\site-packages\_distutils_hack\__init__.py:33: UserWarning: Setuptools is replacing distutils.
  warnings.warn("Setuptools is replacing distutils.")

2026-05-10 19:59:26,130:WARNING:D:\GUARDAR\UNIVERSIDAD\3ºAño\Segundo cuatrimestre\Desarrollo con tecnologías emergentes\Laboratorio\TG3\.venv\Lib\site-packages\sklearn\metrics\_classification.py:1561: UserWarning: Note that pos_label (set to 'Riesgo') is ignored when average != 'binary' (got 'weighted'). You may use labels=[pos_label] to specify a single positive class.
  warnings.warn(

2026-05-10 19:59:26,137:WARNING:D:\GUARDAR\UNIVERSIDAD\3ºAño\Segundo cuatrimestre\Desarrollo con tecnologías emergentes\Laboratorio\TG3\.venv\Lib\site-packages\sklearn\metrics\_classification.py:1561: UserWarning: Note that pos_label (set to 'Riesgo') is ignored when average != 'binary' (got 'weighted'). You may use labels=[pos_label] to specify a single positive class.
  warnings.warn(

2026-05-10 19:59:26,140:WARNING:D:\GUARDAR\UNIVERSIDAD\3ºAño\Segundo cuatrimestre\Desarrollo con tecnologías emergentes\Laboratorio\TG3\.venv\Lib\site-packages\sklearn\metrics\_classification.py:1561: UserWarning: Note that pos_label (set to 'Riesgo') is ignored when average != 'binary' (got 'weighted'). You may use labels=[pos_label] to specify a single positive class.
  warnings.warn(

2026-05-10 19:59:26,140:WARNING:D:\GUARDAR\UNIVERSIDAD\3ºAño\Segundo cuatrimestre\Desarrollo con tecnologías emergentes\Laboratorio\TG3\.venv\Lib\site-packages\sklearn\metrics\_classification.py:1561: UserWarning: Note that pos_label (set to 'Riesgo') is ignored when average != 'binary' (got 'weighted'). You may use labels=[pos_label] to specify a single positive class.
  warnings.warn(

2026-05-10 19:59:26,141:WARNING:D:\GUARDAR\UNIVERSIDAD\3ºAño\Segundo cuatrimestre\Desarrollo con tecnologías emergentes\Laboratorio\TG3\.venv\Lib\site-packages\sklearn\metrics\_classification.py:1561: UserWarning: Note that pos_label (set to 'Riesgo') is ignored when average != 'binary' (got 'weighted'). You may use labels=[pos_label] to specify a single positive class.
  warnings.warn(

2026-05-10 19:59:26,145:WARNING:D:\GUARDAR\UNIVERSIDAD\3ºAño\Segundo cuatrimestre\Desarrollo con tecnologías emergentes\Laboratorio\TG3\.venv\Lib\site-packages\sklearn\metrics\_classification.py:1561: UserWarning: Note that pos_label (set to 'Riesgo') is ignored when average != 'binary' (got 'weighted'). You may use labels=[pos_label] to specify a single positive class.
  warnings.warn(

2026-05-10 19:59:26,146:WARNING:D:\GUARDAR\UNIVERSIDAD\3ºAño\Segundo cuatrimestre\Desarrollo con tecnologías emergentes\Laboratorio\TG3\.venv\Lib\site-packages\sklearn\metrics\_classification.py:1561: UserWarning: Note that pos_label (set to 'Riesgo') is ignored when average != 'binary' (got 'weighted'). You may use labels=[pos_label] to specify a single positive class.
  warnings.warn(

2026-05-10 19:59:26,149:WARNING:D:\GUARDAR\UNIVERSIDAD\3ºAño\Segundo cuatrimestre\Desarrollo con tecnologías emergentes\Laboratorio\TG3\.venv\Lib\site-packages\sklearn\metrics\_classification.py:1561: UserWarning: Note that pos_label (set to 'Riesgo') is ignored when average != 'binary' (got 'weighted'). You may use labels=[pos_label] to specify a single positive class.
  warnings.warn(

2026-05-10 19:59:26,150:WARNING:D:\GUARDAR\UNIVERSIDAD\3ºAño\Segundo cuatrimestre\Desarrollo con tecnologías emergentes\Laboratorio\TG3\.venv\Lib\site-packages\sklearn\metrics\_classification.py:1561: UserWarning: Note that pos_label (set to 'Riesgo') is ignored when average != 'binary' (got 'weighted'). You may use labels=[pos_label] to specify a single positive class.
  warnings.warn(

2026-05-10 19:59:26,157:WARNING:D:\GUARDAR\UNIVERSIDAD\3ºAño\Segundo cuatrimestre\Desarrollo con tecnologías emergentes\Laboratorio\TG3\.venv\Lib\site-packages\sklearn\metrics\_classification.py:1561: UserWarning: Note that pos_label (set to 'Riesgo') is ignored when average != 'binary' (got 'weighted'). You may use labels=[pos_label] to specify a single positive class.
  warnings.warn(

2026-05-10 19:59:26,164:WARNING:D:\GUARDAR\UNIVERSIDAD\3ºAño\Segundo cuatrimestre\Desarrollo con tecnologías emergentes\Laboratorio\TG3\.venv\Lib\site-packages\sklearn\metrics\_classification.py:1561: UserWarning: Note that pos_label (set to 'Riesgo') is ignored when average != 'binary' (got 'weighted'). You may use labels=[pos_label] to specify a single positive class.
  warnings.warn(

2026-05-10 19:59:26,168:WARNING:D:\GUARDAR\UNIVERSIDAD\3ºAño\Segundo cuatrimestre\Desarrollo con tecnologías emergentes\Laboratorio\TG3\.venv\Lib\site-packages\sklearn\metrics\_classification.py:1561: UserWarning: Note that pos_label (set to 'Riesgo') is ignored when average != 'binary' (got 'weighted'). You may use labels=[pos_label] to specify a single positive class.
  warnings.warn(

2026-05-10 19:59:26,233:WARNING:D:\GUARDAR\UNIVERSIDAD\3ºAño\Segundo cuatrimestre\Desarrollo con tecnologías emergentes\Laboratorio\TG3\.venv\Lib\site-packages\sklearn\metrics\_classification.py:1561: UserWarning: Note that pos_label (set to 'Riesgo') is ignored when average != 'binary' (got 'weighted'). You may use labels=[pos_label] to specify a single positive class.
  warnings.warn(

2026-05-10 19:59:26,237:WARNING:D:\GUARDAR\UNIVERSIDAD\3ºAño\Segundo cuatrimestre\Desarrollo con tecnologías emergentes\Laboratorio\TG3\.venv\Lib\site-packages\sklearn\metrics\_classification.py:1561: UserWarning: Note that pos_label (set to 'Riesgo') is ignored when average != 'binary' (got 'weighted'). You may use labels=[pos_label] to specify a single positive class.
  warnings.warn(

2026-05-10 19:59:26,240:WARNING:D:\GUARDAR\UNIVERSIDAD\3ºAño\Segundo cuatrimestre\Desarrollo con tecnologías emergentes\Laboratorio\TG3\.venv\Lib\site-packages\sklearn\metrics\_classification.py:1561: UserWarning: Note that pos_label (set to 'Riesgo') is ignored when average != 'binary' (got 'weighted'). You may use labels=[pos_label] to specify a single positive class.
  warnings.warn(

2026-05-10 19:59:26,271:WARNING:D:\GUARDAR\UNIVERSIDAD\3ºAño\Segundo cuatrimestre\Desarrollo con tecnologías emergentes\Laboratorio\TG3\.venv\Lib\site-packages\sklearn\metrics\_classification.py:1561: UserWarning: Note that pos_label (set to 'Riesgo') is ignored when average != 'binary' (got 'weighted'). You may use labels=[pos_label] to specify a single positive class.
  warnings.warn(

2026-05-10 19:59:26,272:WARNING:D:\GUARDAR\UNIVERSIDAD\3ºAño\Segundo cuatrimestre\Desarrollo con tecnologías emergentes\Laboratorio\TG3\.venv\Lib\site-packages\sklearn\metrics\_classification.py:1561: UserWarning: Note that pos_label (set to 'Riesgo') is ignored when average != 'binary' (got 'weighted'). You may use labels=[pos_label] to specify a single positive class.
  warnings.warn(

2026-05-10 19:59:26,277:WARNING:D:\GUARDAR\UNIVERSIDAD\3ºAño\Segundo cuatrimestre\Desarrollo con tecnologías emergentes\Laboratorio\TG3\.venv\Lib\site-packages\sklearn\metrics\_classification.py:1561: UserWarning: Note that pos_label (set to 'Riesgo') is ignored when average != 'binary' (got 'weighted'). You may use labels=[pos_label] to specify a single positive class.
  warnings.warn(

2026-05-10 19:59:26,277:WARNING:D:\GUARDAR\UNIVERSIDAD\3ºAño\Segundo cuatrimestre\Desarrollo con tecnologías emergentes\Laboratorio\TG3\.venv\Lib\site-packages\sklearn\metrics\_classification.py:1561: UserWarning: Note that pos_label (set to 'Riesgo') is ignored when average != 'binary' (got 'weighted'). You may use labels=[pos_label] to specify a single positive class.
  warnings.warn(

2026-05-10 19:59:26,279:WARNING:D:\GUARDAR\UNIVERSIDAD\3ºAño\Segundo cuatrimestre\Desarrollo con tecnologías emergentes\Laboratorio\TG3\.venv\Lib\site-packages\sklearn\metrics\_classification.py:1561: UserWarning: Note that pos_label (set to 'Riesgo') is ignored when average != 'binary' (got 'weighted'). You may use labels=[pos_label] to specify a single positive class.
  warnings.warn(

2026-05-10 19:59:26,281:WARNING:D:\GUARDAR\UNIVERSIDAD\3ºAño\Segundo cuatrimestre\Desarrollo con tecnologías emergentes\Laboratorio\TG3\.venv\Lib\site-packages\sklearn\metrics\_classification.py:1561: UserWarning: Note that pos_label (set to 'Riesgo') is ignored when average != 'binary' (got 'weighted'). You may use labels=[pos_label] to specify a single positive class.
  warnings.warn(

2026-05-10 19:59:26,295:WARNING:D:\GUARDAR\UNIVERSIDAD\3ºAño\Segundo cuatrimestre\Desarrollo con tecnologías emergentes\Laboratorio\TG3\.venv\Lib\site-packages\sklearn\metrics\_classification.py:1561: UserWarning: Note that pos_label (set to 'Riesgo') is ignored when average != 'binary' (got 'weighted'). You may use labels=[pos_label] to specify a single positive class.
  warnings.warn(

2026-05-10 19:59:26,300:WARNING:D:\GUARDAR\UNIVERSIDAD\3ºAño\Segundo cuatrimestre\Desarrollo con tecnologías emergentes\Laboratorio\TG3\.venv\Lib\site-packages\sklearn\metrics\_classification.py:1561: UserWarning: Note that pos_label (set to 'Riesgo') is ignored when average != 'binary' (got 'weighted'). You may use labels=[pos_label] to specify a single positive class.
  warnings.warn(

2026-05-10 19:59:26,303:WARNING:D:\GUARDAR\UNIVERSIDAD\3ºAño\Segundo cuatrimestre\Desarrollo con tecnologías emergentes\Laboratorio\TG3\.venv\Lib\site-packages\sklearn\metrics\_classification.py:1561: UserWarning: Note that pos_label (set to 'Riesgo') is ignored when average != 'binary' (got 'weighted'). You may use labels=[pos_label] to specify a single positive class.
  warnings.warn(

2026-05-10 19:59:26,310:INFO:Calculating mean and std
2026-05-10 19:59:26,311:INFO:Creating metrics dataframe
2026-05-10 19:59:26,313:INFO:Uploading results into container
2026-05-10 19:59:26,313:INFO:Uploading model into container now
2026-05-10 19:59:26,313:INFO:_master_model_container: 1
2026-05-10 19:59:26,313:INFO:_display_container: 2
2026-05-10 19:59:26,314:INFO:LogisticRegression(C=1.0, class_weight=None, dual=False, fit_intercept=True,
                   intercept_scaling=1, l1_ratio=None, max_iter=1000,
                   multi_class='auto', n_jobs=None, penalty='l2',
                   random_state=42, solver='lbfgs', tol=0.0001, verbose=0,
                   warm_start=False)
2026-05-10 19:59:26,314:INFO:create_model() successfully completed......................................
2026-05-10 19:59:26,387:INFO:SubProcess create_model() end ==================================
2026-05-10 19:59:26,387:INFO:Creating metrics dataframe
2026-05-10 19:59:26,389:INFO:Initializing K Neighbors Classifier
2026-05-10 19:59:26,389:INFO:Total runtime is 0.07978756825129191 minutes
2026-05-10 19:59:26,389:INFO:SubProcess create_model() called ==================================
2026-05-10 19:59:26,389:INFO:Initializing create_model()
2026-05-10 19:59:26,389:INFO:create_model(self=<pycaret.classification.oop.ClassificationExperiment object at 0x0000024621E85DD0>, estimator=knn, fold=StratifiedKFold(n_splits=10, random_state=None, shuffle=False), round=4, cross_validation=True, predict=True, fit_kwargs={}, groups=None, refit=False, probability_threshold=None, experiment_custom_tags=None, verbose=False, system=False, add_to_model_list=True, metrics=None, display=<pycaret.internal.display.display.CommonDisplay object at 0x0000024622127A90>, model_only=True, return_train_score=False, error_score=0.0, kwargs={})
2026-05-10 19:59:26,389:INFO:Checking exceptions
2026-05-10 19:59:26,389:INFO:Importing libraries
2026-05-10 19:59:26,389:INFO:Copying training dataset
2026-05-10 19:59:26,396:INFO:Defining folds
2026-05-10 19:59:26,396:INFO:Declaring metric variables
2026-05-10 19:59:26,396:INFO:Importing untrained model
2026-05-10 19:59:26,397:INFO:K Neighbors Classifier Imported successfully
2026-05-10 19:59:26,397:INFO:Starting cross validation
2026-05-10 19:59:26,397:INFO:Cross validating with StratifiedKFold(n_splits=10, random_state=None, shuffle=False), n_jobs=-1
2026-05-10 19:59:26,628:WARNING:D:\GUARDAR\UNIVERSIDAD\3ºAño\Segundo cuatrimestre\Desarrollo con tecnologías emergentes\Laboratorio\TG3\.venv\Lib\site-packages\sklearn\metrics\_classification.py:1561: UserWarning: Note that pos_label (set to 'Riesgo') is ignored when average != 'binary' (got 'weighted'). You may use labels=[pos_label] to specify a single positive class.
  warnings.warn(

2026-05-10 19:59:26,632:WARNING:D:\GUARDAR\UNIVERSIDAD\3ºAño\Segundo cuatrimestre\Desarrollo con tecnologías emergentes\Laboratorio\TG3\.venv\Lib\site-packages\sklearn\metrics\_classification.py:1561: UserWarning: Note that pos_label (set to 'Riesgo') is ignored when average != 'binary' (got 'weighted'). You may use labels=[pos_label] to specify a single positive class.
  warnings.warn(

2026-05-10 19:59:26,636:WARNING:D:\GUARDAR\UNIVERSIDAD\3ºAño\Segundo cuatrimestre\Desarrollo con tecnologías emergentes\Laboratorio\TG3\.venv\Lib\site-packages\sklearn\metrics\_classification.py:1561: UserWarning: Note that pos_label (set to 'Riesgo') is ignored when average != 'binary' (got 'weighted'). You may use labels=[pos_label] to specify a single positive class.
  warnings.warn(

2026-05-10 19:59:26,637:WARNING:D:\GUARDAR\UNIVERSIDAD\3ºAño\Segundo cuatrimestre\Desarrollo con tecnologías emergentes\Laboratorio\TG3\.venv\Lib\site-packages\sklearn\metrics\_classification.py:1561: UserWarning: Note that pos_label (set to 'Riesgo') is ignored when average != 'binary' (got 'weighted'). You may use labels=[pos_label] to specify a single positive class.
  warnings.warn(

2026-05-10 19:59:26,639:WARNING:D:\GUARDAR\UNIVERSIDAD\3ºAño\Segundo cuatrimestre\Desarrollo con tecnologías emergentes\Laboratorio\TG3\.venv\Lib\site-packages\sklearn\metrics\_classification.py:1561: UserWarning: Note that pos_label (set to 'Riesgo') is ignored when average != 'binary' (got 'weighted'). You may use labels=[pos_label] to specify a single positive class.
  warnings.warn(

2026-05-10 19:59:26,641:WARNING:D:\GUARDAR\UNIVERSIDAD\3ºAño\Segundo cuatrimestre\Desarrollo con tecnologías emergentes\Laboratorio\TG3\.venv\Lib\site-packages\sklearn\metrics\_classification.py:1561: UserWarning: Note that pos_label (set to 'Riesgo') is ignored when average != 'binary' (got 'weighted'). You may use labels=[pos_label] to specify a single positive class.
  warnings.warn(

2026-05-10 19:59:26,643:WARNING:D:\GUARDAR\UNIVERSIDAD\3ºAño\Segundo cuatrimestre\Desarrollo con tecnologías emergentes\Laboratorio\TG3\.venv\Lib\site-packages\sklearn\metrics\_classification.py:1561: UserWarning: Note that pos_label (set to 'Riesgo') is ignored when average != 'binary' (got 'weighted'). You may use labels=[pos_label] to specify a single positive class.
  warnings.warn(

2026-05-10 19:59:26,644:WARNING:D:\GUARDAR\UNIVERSIDAD\3ºAño\Segundo cuatrimestre\Desarrollo con tecnologías emergentes\Laboratorio\TG3\.venv\Lib\site-packages\sklearn\metrics\_classification.py:1561: UserWarning: Note that pos_label (set to 'Riesgo') is ignored when average != 'binary' (got 'weighted'). You may use labels=[pos_label] to specify a single positive class.
  warnings.warn(

2026-05-10 19:59:26,645:WARNING:D:\GUARDAR\UNIVERSIDAD\3ºAño\Segundo cuatrimestre\Desarrollo con tecnologías emergentes\Laboratorio\TG3\.venv\Lib\site-packages\sklearn\metrics\_classification.py:1561: UserWarning: Note that pos_label (set to 'Riesgo') is ignored when average != 'binary' (got 'weighted'). You may use labels=[pos_label] to specify a single positive class.
  warnings.warn(

2026-05-10 19:59:26,646:WARNING:D:\GUARDAR\UNIVERSIDAD\3ºAño\Segundo cuatrimestre\Desarrollo con tecnologías emergentes\Laboratorio\TG3\.venv\Lib\site-packages\sklearn\metrics\_classification.py:1561: UserWarning: Note that pos_label (set to 'Riesgo') is ignored when average != 'binary' (got 'weighted'). You may use labels=[pos_label] to specify a single positive class.
  warnings.warn(

2026-05-10 19:59:26,647:WARNING:D:\GUARDAR\UNIVERSIDAD\3ºAño\Segundo cuatrimestre\Desarrollo con tecnologías emergentes\Laboratorio\TG3\.venv\Lib\site-packages\sklearn\metrics\_classification.py:1561: UserWarning: Note that pos_label (set to 'Riesgo') is ignored when average != 'binary' (got 'weighted'). You may use labels=[pos_label] to specify a single positive class.
  warnings.warn(

2026-05-10 19:59:26,648:WARNING:D:\GUARDAR\UNIVERSIDAD\3ºAño\Segundo cuatrimestre\Desarrollo con tecnologías emergentes\Laboratorio\TG3\.venv\Lib\site-packages\sklearn\metrics\_classification.py:1561: UserWarning: Note that pos_label (set to 'Riesgo') is ignored when average != 'binary' (got 'weighted'). You may use labels=[pos_label] to specify a single positive class.
  warnings.warn(

2026-05-10 19:59:26,650:WARNING:D:\GUARDAR\UNIVERSIDAD\3ºAño\Segundo cuatrimestre\Desarrollo con tecnologías emergentes\Laboratorio\TG3\.venv\Lib\site-packages\sklearn\metrics\_classification.py:1561: UserWarning: Note that pos_label (set to 'Riesgo') is ignored when average != 'binary' (got 'weighted'). You may use labels=[pos_label] to specify a single positive class.
  warnings.warn(

2026-05-10 19:59:26,650:WARNING:D:\GUARDAR\UNIVERSIDAD\3ºAño\Segundo cuatrimestre\Desarrollo con tecnologías emergentes\Laboratorio\TG3\.venv\Lib\site-packages\sklearn\metrics\_classification.py:1561: UserWarning: Note that pos_label (set to 'Riesgo') is ignored when average != 'binary' (got 'weighted'). You may use labels=[pos_label] to specify a single positive class.
  warnings.warn(

2026-05-10 19:59:26,651:WARNING:D:\GUARDAR\UNIVERSIDAD\3ºAño\Segundo cuatrimestre\Desarrollo con tecnologías emergentes\Laboratorio\TG3\.venv\Lib\site-packages\sklearn\metrics\_classification.py:1561: UserWarning: Note that pos_label (set to 'Riesgo') is ignored when average != 'binary' (got 'weighted'). You may use labels=[pos_label] to specify a single positive class.
  warnings.warn(

2026-05-10 19:59:26,652:WARNING:D:\GUARDAR\UNIVERSIDAD\3ºAño\Segundo cuatrimestre\Desarrollo con tecnologías emergentes\Laboratorio\TG3\.venv\Lib\site-packages\sklearn\metrics\_classification.py:1561: UserWarning: Note that pos_label (set to 'Riesgo') is ignored when average != 'binary' (got 'weighted'). You may use labels=[pos_label] to specify a single positive class.
  warnings.warn(

2026-05-10 19:59:26,652:WARNING:D:\GUARDAR\UNIVERSIDAD\3ºAño\Segundo cuatrimestre\Desarrollo con tecnologías emergentes\Laboratorio\TG3\.venv\Lib\site-packages\sklearn\metrics\_classification.py:1561: UserWarning: Note that pos_label (set to 'Riesgo') is ignored when average != 'binary' (got 'weighted'). You may use labels=[pos_label] to specify a single positive class.
  warnings.warn(

2026-05-10 19:59:26,654:WARNING:D:\GUARDAR\UNIVERSIDAD\3ºAño\Segundo cuatrimestre\Desarrollo con tecnologías emergentes\Laboratorio\TG3\.venv\Lib\site-packages\sklearn\metrics\_classification.py:1561: UserWarning: Note that pos_label (set to 'Riesgo') is ignored when average != 'binary' (got 'weighted'). You may use labels=[pos_label] to specify a single positive class.
  warnings.warn(

2026-05-10 19:59:26,654:WARNING:D:\GUARDAR\UNIVERSIDAD\3ºAño\Segundo cuatrimestre\Desarrollo con tecnologías emergentes\Laboratorio\TG3\.venv\Lib\site-packages\sklearn\metrics\_classification.py:1561: UserWarning: Note that pos_label (set to 'Riesgo') is ignored when average != 'binary' (got 'weighted'). You may use labels=[pos_label] to specify a single positive class.
  warnings.warn(

2026-05-10 19:59:26,655:WARNING:D:\GUARDAR\UNIVERSIDAD\3ºAño\Segundo cuatrimestre\Desarrollo con tecnologías emergentes\Laboratorio\TG3\.venv\Lib\site-packages\sklearn\metrics\_classification.py:1561: UserWarning: Note that pos_label (set to 'Riesgo') is ignored when average != 'binary' (got 'weighted'). You may use labels=[pos_label] to specify a single positive class.
  warnings.warn(

2026-05-10 19:59:26,656:WARNING:D:\GUARDAR\UNIVERSIDAD\3ºAño\Segundo cuatrimestre\Desarrollo con tecnologías emergentes\Laboratorio\TG3\.venv\Lib\site-packages\sklearn\metrics\_classification.py:1561: UserWarning: Note that pos_label (set to 'Riesgo') is ignored when average != 'binary' (got 'weighted'). You may use labels=[pos_label] to specify a single positive class.
  warnings.warn(

2026-05-10 19:59:26,658:WARNING:D:\GUARDAR\UNIVERSIDAD\3ºAño\Segundo cuatrimestre\Desarrollo con tecnologías emergentes\Laboratorio\TG3\.venv\Lib\site-packages\sklearn\metrics\_classification.py:1561: UserWarning: Note that pos_label (set to 'Riesgo') is ignored when average != 'binary' (got 'weighted'). You may use labels=[pos_label] to specify a single positive class.
  warnings.warn(

2026-05-10 19:59:26,658:WARNING:D:\GUARDAR\UNIVERSIDAD\3ºAño\Segundo cuatrimestre\Desarrollo con tecnologías emergentes\Laboratorio\TG3\.venv\Lib\site-packages\sklearn\metrics\_classification.py:1561: UserWarning: Note that pos_label (set to 'Riesgo') is ignored when average != 'binary' (got 'weighted'). You may use labels=[pos_label] to specify a single positive class.
  warnings.warn(

2026-05-10 19:59:26,660:WARNING:D:\GUARDAR\UNIVERSIDAD\3ºAño\Segundo cuatrimestre\Desarrollo con tecnologías emergentes\Laboratorio\TG3\.venv\Lib\site-packages\sklearn\metrics\_classification.py:1561: UserWarning: Note that pos_label (set to 'Riesgo') is ignored when average != 'binary' (got 'weighted'). You may use labels=[pos_label] to specify a single positive class.
  warnings.warn(

2026-05-10 19:59:28,547:WARNING:D:\GUARDAR\UNIVERSIDAD\3ºAño\Segundo cuatrimestre\Desarrollo con tecnologías emergentes\Laboratorio\TG3\.venv\Lib\site-packages\_distutils_hack\__init__.py:33: UserWarning: Setuptools is replacing distutils.
  warnings.warn("Setuptools is replacing distutils.")

2026-05-10 19:59:28,561:WARNING:D:\GUARDAR\UNIVERSIDAD\3ºAño\Segundo cuatrimestre\Desarrollo con tecnologías emergentes\Laboratorio\TG3\.venv\Lib\site-packages\_distutils_hack\__init__.py:33: UserWarning: Setuptools is replacing distutils.
  warnings.warn("Setuptools is replacing distutils.")

2026-05-10 19:59:28,837:WARNING:D:\GUARDAR\UNIVERSIDAD\3ºAño\Segundo cuatrimestre\Desarrollo con tecnologías emergentes\Laboratorio\TG3\.venv\Lib\site-packages\sklearn\metrics\_classification.py:1561: UserWarning: Note that pos_label (set to 'Riesgo') is ignored when average != 'binary' (got 'weighted'). You may use labels=[pos_label] to specify a single positive class.
  warnings.warn(

2026-05-10 19:59:28,840:WARNING:D:\GUARDAR\UNIVERSIDAD\3ºAño\Segundo cuatrimestre\Desarrollo con tecnologías emergentes\Laboratorio\TG3\.venv\Lib\site-packages\sklearn\metrics\_classification.py:1561: UserWarning: Note that pos_label (set to 'Riesgo') is ignored when average != 'binary' (got 'weighted'). You may use labels=[pos_label] to specify a single positive class.
  warnings.warn(

2026-05-10 19:59:28,843:WARNING:D:\GUARDAR\UNIVERSIDAD\3ºAño\Segundo cuatrimestre\Desarrollo con tecnologías emergentes\Laboratorio\TG3\.venv\Lib\site-packages\sklearn\metrics\_classification.py:1561: UserWarning: Note that pos_label (set to 'Riesgo') is ignored when average != 'binary' (got 'weighted'). You may use labels=[pos_label] to specify a single positive class.
  warnings.warn(

2026-05-10 19:59:28,850:WARNING:D:\GUARDAR\UNIVERSIDAD\3ºAño\Segundo cuatrimestre\Desarrollo con tecnologías emergentes\Laboratorio\TG3\.venv\Lib\site-packages\sklearn\metrics\_classification.py:1561: UserWarning: Note that pos_label (set to 'Riesgo') is ignored when average != 'binary' (got 'weighted'). You may use labels=[pos_label] to specify a single positive class.
  warnings.warn(

2026-05-10 19:59:28,852:WARNING:D:\GUARDAR\UNIVERSIDAD\3ºAño\Segundo cuatrimestre\Desarrollo con tecnologías emergentes\Laboratorio\TG3\.venv\Lib\site-packages\sklearn\metrics\_classification.py:1561: UserWarning: Note that pos_label (set to 'Riesgo') is ignored when average != 'binary' (got 'weighted'). You may use labels=[pos_label] to specify a single positive class.
  warnings.warn(

2026-05-10 19:59:28,855:WARNING:D:\GUARDAR\UNIVERSIDAD\3ºAño\Segundo cuatrimestre\Desarrollo con tecnologías emergentes\Laboratorio\TG3\.venv\Lib\site-packages\sklearn\metrics\_classification.py:1561: UserWarning: Note that pos_label (set to 'Riesgo') is ignored when average != 'binary' (got 'weighted'). You may use labels=[pos_label] to specify a single positive class.
  warnings.warn(

2026-05-10 19:59:28,866:INFO:Calculating mean and std
2026-05-10 19:59:28,867:INFO:Creating metrics dataframe
2026-05-10 19:59:28,868:INFO:Uploading results into container
2026-05-10 19:59:28,869:INFO:Uploading model into container now
2026-05-10 19:59:28,869:INFO:_master_model_container: 2
2026-05-10 19:59:28,869:INFO:_display_container: 2
2026-05-10 19:59:28,869:INFO:KNeighborsClassifier(algorithm='auto', leaf_size=30, metric='minkowski',
                     metric_params=None, n_jobs=-1, n_neighbors=5, p=2,
                     weights='uniform')
2026-05-10 19:59:28,869:INFO:create_model() successfully completed......................................
2026-05-10 19:59:28,937:INFO:SubProcess create_model() end ==================================
2026-05-10 19:59:28,937:INFO:Creating metrics dataframe
2026-05-10 19:59:28,939:INFO:Initializing Naive Bayes
2026-05-10 19:59:28,939:INFO:Total runtime is 0.1222830573717753 minutes
2026-05-10 19:59:28,939:INFO:SubProcess create_model() called ==================================
2026-05-10 19:59:28,939:INFO:Initializing create_model()
2026-05-10 19:59:28,939:INFO:create_model(self=<pycaret.classification.oop.ClassificationExperiment object at 0x0000024621E85DD0>, estimator=nb, fold=StratifiedKFold(n_splits=10, random_state=None, shuffle=False), round=4, cross_validation=True, predict=True, fit_kwargs={}, groups=None, refit=False, probability_threshold=None, experiment_custom_tags=None, verbose=False, system=False, add_to_model_list=True, metrics=None, display=<pycaret.internal.display.display.CommonDisplay object at 0x0000024622127A90>, model_only=True, return_train_score=False, error_score=0.0, kwargs={})
2026-05-10 19:59:28,939:INFO:Checking exceptions
2026-05-10 19:59:28,939:INFO:Importing libraries
2026-05-10 19:59:28,939:INFO:Copying training dataset
2026-05-10 19:59:28,946:INFO:Defining folds
2026-05-10 19:59:28,946:INFO:Declaring metric variables
2026-05-10 19:59:28,946:INFO:Importing untrained model
2026-05-10 19:59:28,947:INFO:Naive Bayes Imported successfully
2026-05-10 19:59:28,947:INFO:Starting cross validation
2026-05-10 19:59:28,947:INFO:Cross validating with StratifiedKFold(n_splits=10, random_state=None, shuffle=False), n_jobs=-1
2026-05-10 19:59:29,005:WARNING:D:\GUARDAR\UNIVERSIDAD\3ºAño\Segundo cuatrimestre\Desarrollo con tecnologías emergentes\Laboratorio\TG3\.venv\Lib\site-packages\sklearn\metrics\_classification.py:1561: UserWarning: Note that pos_label (set to 'Riesgo') is ignored when average != 'binary' (got 'weighted'). You may use labels=[pos_label] to specify a single positive class.
  warnings.warn(

2026-05-10 19:59:29,005:WARNING:D:\GUARDAR\UNIVERSIDAD\3ºAño\Segundo cuatrimestre\Desarrollo con tecnologías emergentes\Laboratorio\TG3\.venv\Lib\site-packages\sklearn\metrics\_classification.py:1561: UserWarning: Note that pos_label (set to 'Riesgo') is ignored when average != 'binary' (got 'weighted'). You may use labels=[pos_label] to specify a single positive class.
  warnings.warn(

2026-05-10 19:59:29,006:WARNING:D:\GUARDAR\UNIVERSIDAD\3ºAño\Segundo cuatrimestre\Desarrollo con tecnologías emergentes\Laboratorio\TG3\.venv\Lib\site-packages\sklearn\metrics\_classification.py:1561: UserWarning: Note that pos_label (set to 'Riesgo') is ignored when average != 'binary' (got 'weighted'). You may use labels=[pos_label] to specify a single positive class.
  warnings.warn(

2026-05-10 19:59:29,009:WARNING:D:\GUARDAR\UNIVERSIDAD\3ºAño\Segundo cuatrimestre\Desarrollo con tecnologías emergentes\Laboratorio\TG3\.venv\Lib\site-packages\sklearn\metrics\_classification.py:1561: UserWarning: Note that pos_label (set to 'Riesgo') is ignored when average != 'binary' (got 'weighted'). You may use labels=[pos_label] to specify a single positive class.
  warnings.warn(

2026-05-10 19:59:29,009:WARNING:D:\GUARDAR\UNIVERSIDAD\3ºAño\Segundo cuatrimestre\Desarrollo con tecnologías emergentes\Laboratorio\TG3\.venv\Lib\site-packages\sklearn\metrics\_classification.py:1561: UserWarning: Note that pos_label (set to 'Riesgo') is ignored when average != 'binary' (got 'weighted'). You may use labels=[pos_label] to specify a single positive class.
  warnings.warn(

2026-05-10 19:59:29,009:WARNING:D:\GUARDAR\UNIVERSIDAD\3ºAño\Segundo cuatrimestre\Desarrollo con tecnologías emergentes\Laboratorio\TG3\.venv\Lib\site-packages\sklearn\metrics\_classification.py:1561: UserWarning: Note that pos_label (set to 'Riesgo') is ignored when average != 'binary' (got 'weighted'). You may use labels=[pos_label] to specify a single positive class.
  warnings.warn(

2026-05-10 19:59:29,010:WARNING:D:\GUARDAR\UNIVERSIDAD\3ºAño\Segundo cuatrimestre\Desarrollo con tecnologías emergentes\Laboratorio\TG3\.venv\Lib\site-packages\sklearn\metrics\_classification.py:1561: UserWarning: Note that pos_label (set to 'Riesgo') is ignored when average != 'binary' (got 'weighted'). You may use labels=[pos_label] to specify a single positive class.
  warnings.warn(

2026-05-10 19:59:29,011:WARNING:D:\GUARDAR\UNIVERSIDAD\3ºAño\Segundo cuatrimestre\Desarrollo con tecnologías emergentes\Laboratorio\TG3\.venv\Lib\site-packages\sklearn\metrics\_classification.py:1561: UserWarning: Note that pos_label (set to 'Riesgo') is ignored when average != 'binary' (got 'weighted'). You may use labels=[pos_label] to specify a single positive class.
  warnings.warn(

2026-05-10 19:59:29,012:WARNING:D:\GUARDAR\UNIVERSIDAD\3ºAño\Segundo cuatrimestre\Desarrollo con tecnologías emergentes\Laboratorio\TG3\.venv\Lib\site-packages\sklearn\metrics\_classification.py:1561: UserWarning: Note that pos_label (set to 'Riesgo') is ignored when average != 'binary' (got 'weighted'). You may use labels=[pos_label] to specify a single positive class.
  warnings.warn(

2026-05-10 19:59:29,013:WARNING:D:\GUARDAR\UNIVERSIDAD\3ºAño\Segundo cuatrimestre\Desarrollo con tecnologías emergentes\Laboratorio\TG3\.venv\Lib\site-packages\sklearn\metrics\_classification.py:1561: UserWarning: Note that pos_label (set to 'Riesgo') is ignored when average != 'binary' (got 'weighted'). You may use labels=[pos_label] to specify a single positive class.
  warnings.warn(

2026-05-10 19:59:29,013:WARNING:D:\GUARDAR\UNIVERSIDAD\3ºAño\Segundo cuatrimestre\Desarrollo con tecnologías emergentes\Laboratorio\TG3\.venv\Lib\site-packages\sklearn\metrics\_classification.py:1561: UserWarning: Note that pos_label (set to 'Riesgo') is ignored when average != 'binary' (got 'weighted'). You may use labels=[pos_label] to specify a single positive class.
  warnings.warn(

2026-05-10 19:59:29,013:WARNING:D:\GUARDAR\UNIVERSIDAD\3ºAño\Segundo cuatrimestre\Desarrollo con tecnologías emergentes\Laboratorio\TG3\.venv\Lib\site-packages\sklearn\metrics\_classification.py:1561: UserWarning: Note that pos_label (set to 'Riesgo') is ignored when average != 'binary' (got 'weighted'). You may use labels=[pos_label] to specify a single positive class.
  warnings.warn(

2026-05-10 19:59:29,015:WARNING:D:\GUARDAR\UNIVERSIDAD\3ºAño\Segundo cuatrimestre\Desarrollo con tecnologías emergentes\Laboratorio\TG3\.venv\Lib\site-packages\sklearn\metrics\_classification.py:1561: UserWarning: Note that pos_label (set to 'Riesgo') is ignored when average != 'binary' (got 'weighted'). You may use labels=[pos_label] to specify a single positive class.
  warnings.warn(

2026-05-10 19:59:29,015:WARNING:D:\GUARDAR\UNIVERSIDAD\3ºAño\Segundo cuatrimestre\Desarrollo con tecnologías emergentes\Laboratorio\TG3\.venv\Lib\site-packages\sklearn\metrics\_classification.py:1561: UserWarning: Note that pos_label (set to 'Riesgo') is ignored when average != 'binary' (got 'weighted'). You may use labels=[pos_label] to specify a single positive class.
  warnings.warn(

2026-05-10 19:59:29,016:WARNING:D:\GUARDAR\UNIVERSIDAD\3ºAño\Segundo cuatrimestre\Desarrollo con tecnologías emergentes\Laboratorio\TG3\.venv\Lib\site-packages\sklearn\metrics\_classification.py:1561: UserWarning: Note that pos_label (set to 'Riesgo') is ignored when average != 'binary' (got 'weighted'). You may use labels=[pos_label] to specify a single positive class.
  warnings.warn(

2026-05-10 19:59:29,016:WARNING:D:\GUARDAR\UNIVERSIDAD\3ºAño\Segundo cuatrimestre\Desarrollo con tecnologías emergentes\Laboratorio\TG3\.venv\Lib\site-packages\sklearn\metrics\_classification.py:1561: UserWarning: Note that pos_label (set to 'Riesgo') is ignored when average != 'binary' (got 'weighted'). You may use labels=[pos_label] to specify a single positive class.
  warnings.warn(

2026-05-10 19:59:29,017:WARNING:D:\GUARDAR\UNIVERSIDAD\3ºAño\Segundo cuatrimestre\Desarrollo con tecnologías emergentes\Laboratorio\TG3\.venv\Lib\site-packages\sklearn\metrics\_classification.py:1561: UserWarning: Note that pos_label (set to 'Riesgo') is ignored when average != 'binary' (got 'weighted'). You may use labels=[pos_label] to specify a single positive class.
  warnings.warn(

2026-05-10 19:59:29,017:WARNING:D:\GUARDAR\UNIVERSIDAD\3ºAño\Segundo cuatrimestre\Desarrollo con tecnologías emergentes\Laboratorio\TG3\.venv\Lib\site-packages\sklearn\metrics\_classification.py:1561: UserWarning: Note that pos_label (set to 'Riesgo') is ignored when average != 'binary' (got 'weighted'). You may use labels=[pos_label] to specify a single positive class.
  warnings.warn(

2026-05-10 19:59:29,017:WARNING:D:\GUARDAR\UNIVERSIDAD\3ºAño\Segundo cuatrimestre\Desarrollo con tecnologías emergentes\Laboratorio\TG3\.venv\Lib\site-packages\sklearn\metrics\_classification.py:1561: UserWarning: Note that pos_label (set to 'Riesgo') is ignored when average != 'binary' (got 'weighted'). You may use labels=[pos_label] to specify a single positive class.
  warnings.warn(

2026-05-10 19:59:29,018:WARNING:D:\GUARDAR\UNIVERSIDAD\3ºAño\Segundo cuatrimestre\Desarrollo con tecnologías emergentes\Laboratorio\TG3\.venv\Lib\site-packages\sklearn\metrics\_classification.py:1561: UserWarning: Note that pos_label (set to 'Riesgo') is ignored when average != 'binary' (got 'weighted'). You may use labels=[pos_label] to specify a single positive class.
  warnings.warn(

2026-05-10 19:59:29,019:WARNING:D:\GUARDAR\UNIVERSIDAD\3ºAño\Segundo cuatrimestre\Desarrollo con tecnologías emergentes\Laboratorio\TG3\.venv\Lib\site-packages\sklearn\metrics\_classification.py:1561: UserWarning: Note that pos_label (set to 'Riesgo') is ignored when average != 'binary' (got 'weighted'). You may use labels=[pos_label] to specify a single positive class.
  warnings.warn(

2026-05-10 19:59:29,020:WARNING:D:\GUARDAR\UNIVERSIDAD\3ºAño\Segundo cuatrimestre\Desarrollo con tecnologías emergentes\Laboratorio\TG3\.venv\Lib\site-packages\sklearn\metrics\_classification.py:1561: UserWarning: Note that pos_label (set to 'Riesgo') is ignored when average != 'binary' (got 'weighted'). You may use labels=[pos_label] to specify a single positive class.
  warnings.warn(

2026-05-10 19:59:29,020:WARNING:D:\GUARDAR\UNIVERSIDAD\3ºAño\Segundo cuatrimestre\Desarrollo con tecnologías emergentes\Laboratorio\TG3\.venv\Lib\site-packages\sklearn\metrics\_classification.py:1561: UserWarning: Note that pos_label (set to 'Riesgo') is ignored when average != 'binary' (got 'weighted'). You may use labels=[pos_label] to specify a single positive class.
  warnings.warn(

2026-05-10 19:59:29,021:WARNING:D:\GUARDAR\UNIVERSIDAD\3ºAño\Segundo cuatrimestre\Desarrollo con tecnologías emergentes\Laboratorio\TG3\.venv\Lib\site-packages\sklearn\metrics\_classification.py:1561: UserWarning: Note that pos_label (set to 'Riesgo') is ignored when average != 'binary' (got 'weighted'). You may use labels=[pos_label] to specify a single positive class.
  warnings.warn(

2026-05-10 19:59:29,021:WARNING:D:\GUARDAR\UNIVERSIDAD\3ºAño\Segundo cuatrimestre\Desarrollo con tecnologías emergentes\Laboratorio\TG3\.venv\Lib\site-packages\sklearn\metrics\_classification.py:1561: UserWarning: Note that pos_label (set to 'Riesgo') is ignored when average != 'binary' (got 'weighted'). You may use labels=[pos_label] to specify a single positive class.
  warnings.warn(

2026-05-10 19:59:29,022:WARNING:D:\GUARDAR\UNIVERSIDAD\3ºAño\Segundo cuatrimestre\Desarrollo con tecnologías emergentes\Laboratorio\TG3\.venv\Lib\site-packages\sklearn\metrics\_classification.py:1561: UserWarning: Note that pos_label (set to 'Riesgo') is ignored when average != 'binary' (got 'weighted'). You may use labels=[pos_label] to specify a single positive class.
  warnings.warn(

2026-05-10 19:59:29,023:WARNING:D:\GUARDAR\UNIVERSIDAD\3ºAño\Segundo cuatrimestre\Desarrollo con tecnologías emergentes\Laboratorio\TG3\.venv\Lib\site-packages\sklearn\metrics\_classification.py:1561: UserWarning: Note that pos_label (set to 'Riesgo') is ignored when average != 'binary' (got 'weighted'). You may use labels=[pos_label] to specify a single positive class.
  warnings.warn(

2026-05-10 19:59:29,024:WARNING:D:\GUARDAR\UNIVERSIDAD\3ºAño\Segundo cuatrimestre\Desarrollo con tecnologías emergentes\Laboratorio\TG3\.venv\Lib\site-packages\sklearn\metrics\_classification.py:1561: UserWarning: Note that pos_label (set to 'Riesgo') is ignored when average != 'binary' (got 'weighted'). You may use labels=[pos_label] to specify a single positive class.
  warnings.warn(

2026-05-10 19:59:29,025:WARNING:D:\GUARDAR\UNIVERSIDAD\3ºAño\Segundo cuatrimestre\Desarrollo con tecnologías emergentes\Laboratorio\TG3\.venv\Lib\site-packages\sklearn\metrics\_classification.py:1561: UserWarning: Note that pos_label (set to 'Riesgo') is ignored when average != 'binary' (got 'weighted'). You may use labels=[pos_label] to specify a single positive class.
  warnings.warn(

2026-05-10 19:59:29,026:WARNING:D:\GUARDAR\UNIVERSIDAD\3ºAño\Segundo cuatrimestre\Desarrollo con tecnologías emergentes\Laboratorio\TG3\.venv\Lib\site-packages\sklearn\metrics\_classification.py:1561: UserWarning: Note that pos_label (set to 'Riesgo') is ignored when average != 'binary' (got 'weighted'). You may use labels=[pos_label] to specify a single positive class.
  warnings.warn(

2026-05-10 19:59:29,032:INFO:Calculating mean and std
2026-05-10 19:59:29,032:INFO:Creating metrics dataframe
2026-05-10 19:59:29,034:INFO:Uploading results into container
2026-05-10 19:59:29,034:INFO:Uploading model into container now
2026-05-10 19:59:29,034:INFO:_master_model_container: 3
2026-05-10 19:59:29,034:INFO:_display_container: 2
2026-05-10 19:59:29,035:INFO:GaussianNB(priors=None, var_smoothing=1e-09)
2026-05-10 19:59:29,035:INFO:create_model() successfully completed......................................
2026-05-10 19:59:29,095:INFO:SubProcess create_model() end ==================================
2026-05-10 19:59:29,095:INFO:Creating metrics dataframe
2026-05-10 19:59:29,097:INFO:Initializing Decision Tree Classifier
2026-05-10 19:59:29,097:INFO:Total runtime is 0.12491641044616698 minutes
2026-05-10 19:59:29,097:INFO:SubProcess create_model() called ==================================
2026-05-10 19:59:29,098:INFO:Initializing create_model()
2026-05-10 19:59:29,098:INFO:create_model(self=<pycaret.classification.oop.ClassificationExperiment object at 0x0000024621E85DD0>, estimator=dt, fold=StratifiedKFold(n_splits=10, random_state=None, shuffle=False), round=4, cross_validation=True, predict=True, fit_kwargs={}, groups=None, refit=False, probability_threshold=None, experiment_custom_tags=None, verbose=False, system=False, add_to_model_list=True, metrics=None, display=<pycaret.internal.display.display.CommonDisplay object at 0x0000024622127A90>, model_only=True, return_train_score=False, error_score=0.0, kwargs={})
2026-05-10 19:59:29,098:INFO:Checking exceptions
2026-05-10 19:59:29,098:INFO:Importing libraries
2026-05-10 19:59:29,098:INFO:Copying training dataset
2026-05-10 19:59:29,105:INFO:Defining folds
2026-05-10 19:59:29,105:INFO:Declaring metric variables
2026-05-10 19:59:29,105:INFO:Importing untrained model
2026-05-10 19:59:29,105:INFO:Decision Tree Classifier Imported successfully
2026-05-10 19:59:29,105:INFO:Starting cross validation
2026-05-10 19:59:29,106:INFO:Cross validating with StratifiedKFold(n_splits=10, random_state=None, shuffle=False), n_jobs=-1
2026-05-10 19:59:29,172:WARNING:D:\GUARDAR\UNIVERSIDAD\3ºAño\Segundo cuatrimestre\Desarrollo con tecnologías emergentes\Laboratorio\TG3\.venv\Lib\site-packages\sklearn\metrics\_classification.py:1561: UserWarning: Note that pos_label (set to 'Riesgo') is ignored when average != 'binary' (got 'weighted'). You may use labels=[pos_label] to specify a single positive class.
  warnings.warn(

2026-05-10 19:59:29,175:WARNING:D:\GUARDAR\UNIVERSIDAD\3ºAño\Segundo cuatrimestre\Desarrollo con tecnologías emergentes\Laboratorio\TG3\.venv\Lib\site-packages\sklearn\metrics\_classification.py:1561: UserWarning: Note that pos_label (set to 'Riesgo') is ignored when average != 'binary' (got 'weighted'). You may use labels=[pos_label] to specify a single positive class.
  warnings.warn(

2026-05-10 19:59:29,176:WARNING:D:\GUARDAR\UNIVERSIDAD\3ºAño\Segundo cuatrimestre\Desarrollo con tecnologías emergentes\Laboratorio\TG3\.venv\Lib\site-packages\sklearn\metrics\_classification.py:1561: UserWarning: Note that pos_label (set to 'Riesgo') is ignored when average != 'binary' (got 'weighted'). You may use labels=[pos_label] to specify a single positive class.
  warnings.warn(

2026-05-10 19:59:29,179:WARNING:D:\GUARDAR\UNIVERSIDAD\3ºAño\Segundo cuatrimestre\Desarrollo con tecnologías emergentes\Laboratorio\TG3\.venv\Lib\site-packages\sklearn\metrics\_classification.py:1561: UserWarning: Note that pos_label (set to 'Riesgo') is ignored when average != 'binary' (got 'weighted'). You may use labels=[pos_label] to specify a single positive class.
  warnings.warn(

2026-05-10 19:59:29,179:WARNING:D:\GUARDAR\UNIVERSIDAD\3ºAño\Segundo cuatrimestre\Desarrollo con tecnologías emergentes\Laboratorio\TG3\.venv\Lib\site-packages\sklearn\metrics\_classification.py:1561: UserWarning: Note that pos_label (set to 'Riesgo') is ignored when average != 'binary' (got 'weighted'). You may use labels=[pos_label] to specify a single positive class.
  warnings.warn(

2026-05-10 19:59:29,180:WARNING:D:\GUARDAR\UNIVERSIDAD\3ºAño\Segundo cuatrimestre\Desarrollo con tecnologías emergentes\Laboratorio\TG3\.venv\Lib\site-packages\sklearn\metrics\_classification.py:1561: UserWarning: Note that pos_label (set to 'Riesgo') is ignored when average != 'binary' (got 'weighted'). You may use labels=[pos_label] to specify a single positive class.
  warnings.warn(

2026-05-10 19:59:29,183:WARNING:D:\GUARDAR\UNIVERSIDAD\3ºAño\Segundo cuatrimestre\Desarrollo con tecnologías emergentes\Laboratorio\TG3\.venv\Lib\site-packages\sklearn\metrics\_classification.py:1561: UserWarning: Note that pos_label (set to 'Riesgo') is ignored when average != 'binary' (got 'weighted'). You may use labels=[pos_label] to specify a single positive class.
  warnings.warn(

2026-05-10 19:59:29,183:WARNING:D:\GUARDAR\UNIVERSIDAD\3ºAño\Segundo cuatrimestre\Desarrollo con tecnologías emergentes\Laboratorio\TG3\.venv\Lib\site-packages\sklearn\metrics\_classification.py:1561: UserWarning: Note that pos_label (set to 'Riesgo') is ignored when average != 'binary' (got 'weighted'). You may use labels=[pos_label] to specify a single positive class.
  warnings.warn(

2026-05-10 19:59:29,183:WARNING:D:\GUARDAR\UNIVERSIDAD\3ºAño\Segundo cuatrimestre\Desarrollo con tecnologías emergentes\Laboratorio\TG3\.venv\Lib\site-packages\sklearn\metrics\_classification.py:1561: UserWarning: Note that pos_label (set to 'Riesgo') is ignored when average != 'binary' (got 'weighted'). You may use labels=[pos_label] to specify a single positive class.
  warnings.warn(

2026-05-10 19:59:29,184:WARNING:D:\GUARDAR\UNIVERSIDAD\3ºAño\Segundo cuatrimestre\Desarrollo con tecnologías emergentes\Laboratorio\TG3\.venv\Lib\site-packages\sklearn\metrics\_classification.py:1561: UserWarning: Note that pos_label (set to 'Riesgo') is ignored when average != 'binary' (got 'weighted'). You may use labels=[pos_label] to specify a single positive class.
  warnings.warn(

2026-05-10 19:59:29,187:WARNING:D:\GUARDAR\UNIVERSIDAD\3ºAño\Segundo cuatrimestre\Desarrollo con tecnologías emergentes\Laboratorio\TG3\.venv\Lib\site-packages\sklearn\metrics\_classification.py:1561: UserWarning: Note that pos_label (set to 'Riesgo') is ignored when average != 'binary' (got 'weighted'). You may use labels=[pos_label] to specify a single positive class.
  warnings.warn(

2026-05-10 19:59:29,187:WARNING:D:\GUARDAR\UNIVERSIDAD\3ºAño\Segundo cuatrimestre\Desarrollo con tecnologías emergentes\Laboratorio\TG3\.venv\Lib\site-packages\sklearn\metrics\_classification.py:1561: UserWarning: Note that pos_label (set to 'Riesgo') is ignored when average != 'binary' (got 'weighted'). You may use labels=[pos_label] to specify a single positive class.
  warnings.warn(

2026-05-10 19:59:29,188:WARNING:D:\GUARDAR\UNIVERSIDAD\3ºAño\Segundo cuatrimestre\Desarrollo con tecnologías emergentes\Laboratorio\TG3\.venv\Lib\site-packages\sklearn\metrics\_classification.py:1561: UserWarning: Note that pos_label (set to 'Riesgo') is ignored when average != 'binary' (got 'weighted'). You may use labels=[pos_label] to specify a single positive class.
  warnings.warn(

2026-05-10 19:59:29,190:WARNING:D:\GUARDAR\UNIVERSIDAD\3ºAño\Segundo cuatrimestre\Desarrollo con tecnologías emergentes\Laboratorio\TG3\.venv\Lib\site-packages\sklearn\metrics\_classification.py:1561: UserWarning: Note that pos_label (set to 'Riesgo') is ignored when average != 'binary' (got 'weighted'). You may use labels=[pos_label] to specify a single positive class.
  warnings.warn(

2026-05-10 19:59:29,191:WARNING:D:\GUARDAR\UNIVERSIDAD\3ºAño\Segundo cuatrimestre\Desarrollo con tecnologías emergentes\Laboratorio\TG3\.venv\Lib\site-packages\sklearn\metrics\_classification.py:1561: UserWarning: Note that pos_label (set to 'Riesgo') is ignored when average != 'binary' (got 'weighted'). You may use labels=[pos_label] to specify a single positive class.
  warnings.warn(

2026-05-10 19:59:29,192:WARNING:D:\GUARDAR\UNIVERSIDAD\3ºAño\Segundo cuatrimestre\Desarrollo con tecnologías emergentes\Laboratorio\TG3\.venv\Lib\site-packages\sklearn\metrics\_classification.py:1561: UserWarning: Note that pos_label (set to 'Riesgo') is ignored when average != 'binary' (got 'weighted'). You may use labels=[pos_label] to specify a single positive class.
  warnings.warn(

2026-05-10 19:59:29,192:WARNING:D:\GUARDAR\UNIVERSIDAD\3ºAño\Segundo cuatrimestre\Desarrollo con tecnologías emergentes\Laboratorio\TG3\.venv\Lib\site-packages\sklearn\metrics\_classification.py:1561: UserWarning: Note that pos_label (set to 'Riesgo') is ignored when average != 'binary' (got 'weighted'). You may use labels=[pos_label] to specify a single positive class.
  warnings.warn(

2026-05-10 19:59:29,193:WARNING:D:\GUARDAR\UNIVERSIDAD\3ºAño\Segundo cuatrimestre\Desarrollo con tecnologías emergentes\Laboratorio\TG3\.venv\Lib\site-packages\sklearn\metrics\_classification.py:1561: UserWarning: Note that pos_label (set to 'Riesgo') is ignored when average != 'binary' (got 'weighted'). You may use labels=[pos_label] to specify a single positive class.
  warnings.warn(

2026-05-10 19:59:29,193:WARNING:D:\GUARDAR\UNIVERSIDAD\3ºAño\Segundo cuatrimestre\Desarrollo con tecnologías emergentes\Laboratorio\TG3\.venv\Lib\site-packages\sklearn\metrics\_classification.py:1561: UserWarning: Note that pos_label (set to 'Riesgo') is ignored when average != 'binary' (got 'weighted'). You may use labels=[pos_label] to specify a single positive class.
  warnings.warn(

2026-05-10 19:59:29,194:WARNING:D:\GUARDAR\UNIVERSIDAD\3ºAño\Segundo cuatrimestre\Desarrollo con tecnologías emergentes\Laboratorio\TG3\.venv\Lib\site-packages\sklearn\metrics\_classification.py:1561: UserWarning: Note that pos_label (set to 'Riesgo') is ignored when average != 'binary' (got 'weighted'). You may use labels=[pos_label] to specify a single positive class.
  warnings.warn(

2026-05-10 19:59:29,195:WARNING:D:\GUARDAR\UNIVERSIDAD\3ºAño\Segundo cuatrimestre\Desarrollo con tecnologías emergentes\Laboratorio\TG3\.venv\Lib\site-packages\sklearn\metrics\_classification.py:1561: UserWarning: Note that pos_label (set to 'Riesgo') is ignored when average != 'binary' (got 'weighted'). You may use labels=[pos_label] to specify a single positive class.
  warnings.warn(

2026-05-10 19:59:29,196:WARNING:D:\GUARDAR\UNIVERSIDAD\3ºAño\Segundo cuatrimestre\Desarrollo con tecnologías emergentes\Laboratorio\TG3\.venv\Lib\site-packages\sklearn\metrics\_classification.py:1561: UserWarning: Note that pos_label (set to 'Riesgo') is ignored when average != 'binary' (got 'weighted'). You may use labels=[pos_label] to specify a single positive class.
  warnings.warn(

2026-05-10 19:59:29,197:WARNING:D:\GUARDAR\UNIVERSIDAD\3ºAño\Segundo cuatrimestre\Desarrollo con tecnologías emergentes\Laboratorio\TG3\.venv\Lib\site-packages\sklearn\metrics\_classification.py:1561: UserWarning: Note that pos_label (set to 'Riesgo') is ignored when average != 'binary' (got 'weighted'). You may use labels=[pos_label] to specify a single positive class.
  warnings.warn(

2026-05-10 19:59:29,197:WARNING:D:\GUARDAR\UNIVERSIDAD\3ºAño\Segundo cuatrimestre\Desarrollo con tecnologías emergentes\Laboratorio\TG3\.venv\Lib\site-packages\sklearn\metrics\_classification.py:1561: UserWarning: Note that pos_label (set to 'Riesgo') is ignored when average != 'binary' (got 'weighted'). You may use labels=[pos_label] to specify a single positive class.
  warnings.warn(

2026-05-10 19:59:29,198:WARNING:D:\GUARDAR\UNIVERSIDAD\3ºAño\Segundo cuatrimestre\Desarrollo con tecnologías emergentes\Laboratorio\TG3\.venv\Lib\site-packages\sklearn\metrics\_classification.py:1561: UserWarning: Note that pos_label (set to 'Riesgo') is ignored when average != 'binary' (got 'weighted'). You may use labels=[pos_label] to specify a single positive class.
  warnings.warn(

2026-05-10 19:59:29,199:WARNING:D:\GUARDAR\UNIVERSIDAD\3ºAño\Segundo cuatrimestre\Desarrollo con tecnologías emergentes\Laboratorio\TG3\.venv\Lib\site-packages\sklearn\metrics\_classification.py:1561: UserWarning: Note that pos_label (set to 'Riesgo') is ignored when average != 'binary' (got 'weighted'). You may use labels=[pos_label] to specify a single positive class.
  warnings.warn(

2026-05-10 19:59:29,201:WARNING:D:\GUARDAR\UNIVERSIDAD\3ºAño\Segundo cuatrimestre\Desarrollo con tecnologías emergentes\Laboratorio\TG3\.venv\Lib\site-packages\sklearn\metrics\_classification.py:1561: UserWarning: Note that pos_label (set to 'Riesgo') is ignored when average != 'binary' (got 'weighted'). You may use labels=[pos_label] to specify a single positive class.
  warnings.warn(

2026-05-10 19:59:29,201:WARNING:D:\GUARDAR\UNIVERSIDAD\3ºAño\Segundo cuatrimestre\Desarrollo con tecnologías emergentes\Laboratorio\TG3\.venv\Lib\site-packages\sklearn\metrics\_classification.py:1561: UserWarning: Note that pos_label (set to 'Riesgo') is ignored when average != 'binary' (got 'weighted'). You may use labels=[pos_label] to specify a single positive class.
  warnings.warn(

2026-05-10 19:59:29,201:WARNING:D:\GUARDAR\UNIVERSIDAD\3ºAño\Segundo cuatrimestre\Desarrollo con tecnologías emergentes\Laboratorio\TG3\.venv\Lib\site-packages\sklearn\metrics\_classification.py:1561: UserWarning: Note that pos_label (set to 'Riesgo') is ignored when average != 'binary' (got 'weighted'). You may use labels=[pos_label] to specify a single positive class.
  warnings.warn(

2026-05-10 19:59:29,213:INFO:Calculating mean and std
2026-05-10 19:59:29,213:INFO:Creating metrics dataframe
2026-05-10 19:59:29,215:INFO:Uploading results into container
2026-05-10 19:59:29,215:INFO:Uploading model into container now
2026-05-10 19:59:29,215:INFO:_master_model_container: 4
2026-05-10 19:59:29,215:INFO:_display_container: 2
2026-05-10 19:59:29,216:INFO:DecisionTreeClassifier(ccp_alpha=0.0, class_weight=None, criterion='gini',
                       max_depth=None, max_features=None, max_leaf_nodes=None,
                       min_impurity_decrease=0.0, min_samples_leaf=1,
                       min_samples_split=2, min_weight_fraction_leaf=0.0,
                       monotonic_cst=None, random_state=42, splitter='best')
2026-05-10 19:59:29,216:INFO:create_model() successfully completed......................................
2026-05-10 19:59:29,280:INFO:SubProcess create_model() end ==================================
2026-05-10 19:59:29,280:INFO:Creating metrics dataframe
2026-05-10 19:59:29,282:INFO:Initializing SVM - Linear Kernel
2026-05-10 19:59:29,282:INFO:Total runtime is 0.12800861994425455 minutes
2026-05-10 19:59:29,282:INFO:SubProcess create_model() called ==================================
2026-05-10 19:59:29,282:INFO:Initializing create_model()
2026-05-10 19:59:29,282:INFO:create_model(self=<pycaret.classification.oop.ClassificationExperiment object at 0x0000024621E85DD0>, estimator=svm, fold=StratifiedKFold(n_splits=10, random_state=None, shuffle=False), round=4, cross_validation=True, predict=True, fit_kwargs={}, groups=None, refit=False, probability_threshold=None, experiment_custom_tags=None, verbose=False, system=False, add_to_model_list=True, metrics=None, display=<pycaret.internal.display.display.CommonDisplay object at 0x0000024622127A90>, model_only=True, return_train_score=False, error_score=0.0, kwargs={})
2026-05-10 19:59:29,282:INFO:Checking exceptions
2026-05-10 19:59:29,282:INFO:Importing libraries
2026-05-10 19:59:29,282:INFO:Copying training dataset
2026-05-10 19:59:29,289:INFO:Defining folds
2026-05-10 19:59:29,289:INFO:Declaring metric variables
2026-05-10 19:59:29,289:INFO:Importing untrained model
2026-05-10 19:59:29,289:INFO:SVM - Linear Kernel Imported successfully
2026-05-10 19:59:29,289:INFO:Starting cross validation
2026-05-10 19:59:29,290:INFO:Cross validating with StratifiedKFold(n_splits=10, random_state=None, shuffle=False), n_jobs=-1
2026-05-10 19:59:29,345:WARNING:D:\GUARDAR\UNIVERSIDAD\3ºAño\Segundo cuatrimestre\Desarrollo con tecnologías emergentes\Laboratorio\TG3\.venv\Lib\site-packages\sklearn\metrics\_classification.py:1561: UserWarning: Note that pos_label (set to 'Riesgo') is ignored when average != 'binary' (got 'weighted'). You may use labels=[pos_label] to specify a single positive class.
  warnings.warn(

2026-05-10 19:59:29,347:WARNING:D:\GUARDAR\UNIVERSIDAD\3ºAño\Segundo cuatrimestre\Desarrollo con tecnologías emergentes\Laboratorio\TG3\.venv\Lib\site-packages\sklearn\metrics\_classification.py:1561: UserWarning: Note that pos_label (set to 'Riesgo') is ignored when average != 'binary' (got 'weighted'). You may use labels=[pos_label] to specify a single positive class.
  warnings.warn(

2026-05-10 19:59:29,349:WARNING:D:\GUARDAR\UNIVERSIDAD\3ºAño\Segundo cuatrimestre\Desarrollo con tecnologías emergentes\Laboratorio\TG3\.venv\Lib\site-packages\sklearn\metrics\_classification.py:1561: UserWarning: Note that pos_label (set to 'Riesgo') is ignored when average != 'binary' (got 'weighted'). You may use labels=[pos_label] to specify a single positive class.
  warnings.warn(

2026-05-10 19:59:29,351:WARNING:D:\GUARDAR\UNIVERSIDAD\3ºAño\Segundo cuatrimestre\Desarrollo con tecnologías emergentes\Laboratorio\TG3\.venv\Lib\site-packages\sklearn\metrics\_classification.py:1561: UserWarning: Note that pos_label (set to 'Riesgo') is ignored when average != 'binary' (got 'weighted'). You may use labels=[pos_label] to specify a single positive class.
  warnings.warn(

2026-05-10 19:59:29,352:WARNING:D:\GUARDAR\UNIVERSIDAD\3ºAño\Segundo cuatrimestre\Desarrollo con tecnologías emergentes\Laboratorio\TG3\.venv\Lib\site-packages\sklearn\metrics\_classification.py:1561: UserWarning: Note that pos_label (set to 'Riesgo') is ignored when average != 'binary' (got 'weighted'). You may use labels=[pos_label] to specify a single positive class.
  warnings.warn(

2026-05-10 19:59:29,355:WARNING:D:\GUARDAR\UNIVERSIDAD\3ºAño\Segundo cuatrimestre\Desarrollo con tecnologías emergentes\Laboratorio\TG3\.venv\Lib\site-packages\sklearn\metrics\_classification.py:1561: UserWarning: Note that pos_label (set to 'Riesgo') is ignored when average != 'binary' (got 'weighted'). You may use labels=[pos_label] to specify a single positive class.
  warnings.warn(

2026-05-10 19:59:29,358:WARNING:D:\GUARDAR\UNIVERSIDAD\3ºAño\Segundo cuatrimestre\Desarrollo con tecnologías emergentes\Laboratorio\TG3\.venv\Lib\site-packages\sklearn\metrics\_classification.py:1561: UserWarning: Note that pos_label (set to 'Riesgo') is ignored when average != 'binary' (got 'weighted'). You may use labels=[pos_label] to specify a single positive class.
  warnings.warn(

2026-05-10 19:59:29,359:WARNING:D:\GUARDAR\UNIVERSIDAD\3ºAño\Segundo cuatrimestre\Desarrollo con tecnologías emergentes\Laboratorio\TG3\.venv\Lib\site-packages\sklearn\metrics\_classification.py:1561: UserWarning: Note that pos_label (set to 'Riesgo') is ignored when average != 'binary' (got 'weighted'). You may use labels=[pos_label] to specify a single positive class.
  warnings.warn(

2026-05-10 19:59:29,360:WARNING:D:\GUARDAR\UNIVERSIDAD\3ºAño\Segundo cuatrimestre\Desarrollo con tecnologías emergentes\Laboratorio\TG3\.venv\Lib\site-packages\sklearn\metrics\_classification.py:1561: UserWarning: Note that pos_label (set to 'Riesgo') is ignored when average != 'binary' (got 'weighted'). You may use labels=[pos_label] to specify a single positive class.
  warnings.warn(

2026-05-10 19:59:29,362:WARNING:D:\GUARDAR\UNIVERSIDAD\3ºAño\Segundo cuatrimestre\Desarrollo con tecnologías emergentes\Laboratorio\TG3\.venv\Lib\site-packages\sklearn\metrics\_classification.py:1561: UserWarning: Note that pos_label (set to 'Riesgo') is ignored when average != 'binary' (got 'weighted'). You may use labels=[pos_label] to specify a single positive class.
  warnings.warn(

2026-05-10 19:59:29,363:WARNING:D:\GUARDAR\UNIVERSIDAD\3ºAño\Segundo cuatrimestre\Desarrollo con tecnologías emergentes\Laboratorio\TG3\.venv\Lib\site-packages\sklearn\metrics\_classification.py:1561: UserWarning: Note that pos_label (set to 'Riesgo') is ignored when average != 'binary' (got 'weighted'). You may use labels=[pos_label] to specify a single positive class.
  warnings.warn(

2026-05-10 19:59:29,363:WARNING:D:\GUARDAR\UNIVERSIDAD\3ºAño\Segundo cuatrimestre\Desarrollo con tecnologías emergentes\Laboratorio\TG3\.venv\Lib\site-packages\sklearn\metrics\_classification.py:1561: UserWarning: Note that pos_label (set to 'Riesgo') is ignored when average != 'binary' (got 'weighted'). You may use labels=[pos_label] to specify a single positive class.
  warnings.warn(

2026-05-10 19:59:29,364:WARNING:D:\GUARDAR\UNIVERSIDAD\3ºAño\Segundo cuatrimestre\Desarrollo con tecnologías emergentes\Laboratorio\TG3\.venv\Lib\site-packages\sklearn\metrics\_classification.py:1561: UserWarning: Note that pos_label (set to 'Riesgo') is ignored when average != 'binary' (got 'weighted'). You may use labels=[pos_label] to specify a single positive class.
  warnings.warn(

2026-05-10 19:59:29,364:WARNING:D:\GUARDAR\UNIVERSIDAD\3ºAño\Segundo cuatrimestre\Desarrollo con tecnologías emergentes\Laboratorio\TG3\.venv\Lib\site-packages\sklearn\metrics\_classification.py:1561: UserWarning: Note that pos_label (set to 'Riesgo') is ignored when average != 'binary' (got 'weighted'). You may use labels=[pos_label] to specify a single positive class.
  warnings.warn(

2026-05-10 19:59:29,365:WARNING:D:\GUARDAR\UNIVERSIDAD\3ºAño\Segundo cuatrimestre\Desarrollo con tecnologías emergentes\Laboratorio\TG3\.venv\Lib\site-packages\sklearn\metrics\_classification.py:1561: UserWarning: Note that pos_label (set to 'Riesgo') is ignored when average != 'binary' (got 'weighted'). You may use labels=[pos_label] to specify a single positive class.
  warnings.warn(

2026-05-10 19:59:29,366:WARNING:D:\GUARDAR\UNIVERSIDAD\3ºAño\Segundo cuatrimestre\Desarrollo con tecnologías emergentes\Laboratorio\TG3\.venv\Lib\site-packages\sklearn\metrics\_classification.py:1561: UserWarning: Note that pos_label (set to 'Riesgo') is ignored when average != 'binary' (got 'weighted'). You may use labels=[pos_label] to specify a single positive class.
  warnings.warn(

2026-05-10 19:59:29,367:WARNING:D:\GUARDAR\UNIVERSIDAD\3ºAño\Segundo cuatrimestre\Desarrollo con tecnologías emergentes\Laboratorio\TG3\.venv\Lib\site-packages\sklearn\metrics\_classification.py:1561: UserWarning: Note that pos_label (set to 'Riesgo') is ignored when average != 'binary' (got 'weighted'). You may use labels=[pos_label] to specify a single positive class.
  warnings.warn(

2026-05-10 19:59:29,367:WARNING:D:\GUARDAR\UNIVERSIDAD\3ºAño\Segundo cuatrimestre\Desarrollo con tecnologías emergentes\Laboratorio\TG3\.venv\Lib\site-packages\sklearn\metrics\_classification.py:1561: UserWarning: Note that pos_label (set to 'Riesgo') is ignored when average != 'binary' (got 'weighted'). You may use labels=[pos_label] to specify a single positive class.
  warnings.warn(

2026-05-10 19:59:29,368:WARNING:D:\GUARDAR\UNIVERSIDAD\3ºAño\Segundo cuatrimestre\Desarrollo con tecnologías emergentes\Laboratorio\TG3\.venv\Lib\site-packages\sklearn\metrics\_classification.py:1561: UserWarning: Note that pos_label (set to 'Riesgo') is ignored when average != 'binary' (got 'weighted'). You may use labels=[pos_label] to specify a single positive class.
  warnings.warn(

2026-05-10 19:59:29,368:WARNING:D:\GUARDAR\UNIVERSIDAD\3ºAño\Segundo cuatrimestre\Desarrollo con tecnologías emergentes\Laboratorio\TG3\.venv\Lib\site-packages\sklearn\metrics\_classification.py:1561: UserWarning: Note that pos_label (set to 'Riesgo') is ignored when average != 'binary' (got 'weighted'). You may use labels=[pos_label] to specify a single positive class.
  warnings.warn(

2026-05-10 19:59:29,368:WARNING:D:\GUARDAR\UNIVERSIDAD\3ºAño\Segundo cuatrimestre\Desarrollo con tecnologías emergentes\Laboratorio\TG3\.venv\Lib\site-packages\sklearn\metrics\_classification.py:1561: UserWarning: Note that pos_label (set to 'Riesgo') is ignored when average != 'binary' (got 'weighted'). You may use labels=[pos_label] to specify a single positive class.
  warnings.warn(

2026-05-10 19:59:29,369:WARNING:D:\GUARDAR\UNIVERSIDAD\3ºAño\Segundo cuatrimestre\Desarrollo con tecnologías emergentes\Laboratorio\TG3\.venv\Lib\site-packages\sklearn\metrics\_classification.py:1561: UserWarning: Note that pos_label (set to 'Riesgo') is ignored when average != 'binary' (got 'weighted'). You may use labels=[pos_label] to specify a single positive class.
  warnings.warn(

2026-05-10 19:59:29,370:WARNING:D:\GUARDAR\UNIVERSIDAD\3ºAño\Segundo cuatrimestre\Desarrollo con tecnologías emergentes\Laboratorio\TG3\.venv\Lib\site-packages\sklearn\metrics\_classification.py:1561: UserWarning: Note that pos_label (set to 'Riesgo') is ignored when average != 'binary' (got 'weighted'). You may use labels=[pos_label] to specify a single positive class.
  warnings.warn(

2026-05-10 19:59:29,371:WARNING:D:\GUARDAR\UNIVERSIDAD\3ºAño\Segundo cuatrimestre\Desarrollo con tecnologías emergentes\Laboratorio\TG3\.venv\Lib\site-packages\sklearn\metrics\_classification.py:1561: UserWarning: Note that pos_label (set to 'Riesgo') is ignored when average != 'binary' (got 'weighted'). You may use labels=[pos_label] to specify a single positive class.
  warnings.warn(

2026-05-10 19:59:29,372:WARNING:D:\GUARDAR\UNIVERSIDAD\3ºAño\Segundo cuatrimestre\Desarrollo con tecnologías emergentes\Laboratorio\TG3\.venv\Lib\site-packages\sklearn\metrics\_classification.py:1561: UserWarning: Note that pos_label (set to 'Riesgo') is ignored when average != 'binary' (got 'weighted'). You may use labels=[pos_label] to specify a single positive class.
  warnings.warn(

2026-05-10 19:59:29,372:WARNING:D:\GUARDAR\UNIVERSIDAD\3ºAño\Segundo cuatrimestre\Desarrollo con tecnologías emergentes\Laboratorio\TG3\.venv\Lib\site-packages\sklearn\metrics\_classification.py:1561: UserWarning: Note that pos_label (set to 'Riesgo') is ignored when average != 'binary' (got 'weighted'). You may use labels=[pos_label] to specify a single positive class.
  warnings.warn(

2026-05-10 19:59:29,373:WARNING:D:\GUARDAR\UNIVERSIDAD\3ºAño\Segundo cuatrimestre\Desarrollo con tecnologías emergentes\Laboratorio\TG3\.venv\Lib\site-packages\sklearn\metrics\_classification.py:1561: UserWarning: Note that pos_label (set to 'Riesgo') is ignored when average != 'binary' (got 'weighted'). You may use labels=[pos_label] to specify a single positive class.
  warnings.warn(

2026-05-10 19:59:29,374:WARNING:D:\GUARDAR\UNIVERSIDAD\3ºAño\Segundo cuatrimestre\Desarrollo con tecnologías emergentes\Laboratorio\TG3\.venv\Lib\site-packages\sklearn\metrics\_classification.py:1561: UserWarning: Note that pos_label (set to 'Riesgo') is ignored when average != 'binary' (got 'weighted'). You may use labels=[pos_label] to specify a single positive class.
  warnings.warn(

2026-05-10 19:59:29,376:WARNING:D:\GUARDAR\UNIVERSIDAD\3ºAño\Segundo cuatrimestre\Desarrollo con tecnologías emergentes\Laboratorio\TG3\.venv\Lib\site-packages\sklearn\metrics\_classification.py:1561: UserWarning: Note that pos_label (set to 'Riesgo') is ignored when average != 'binary' (got 'weighted'). You may use labels=[pos_label] to specify a single positive class.
  warnings.warn(

2026-05-10 19:59:29,377:WARNING:D:\GUARDAR\UNIVERSIDAD\3ºAño\Segundo cuatrimestre\Desarrollo con tecnologías emergentes\Laboratorio\TG3\.venv\Lib\site-packages\sklearn\metrics\_classification.py:1561: UserWarning: Note that pos_label (set to 'Riesgo') is ignored when average != 'binary' (got 'weighted'). You may use labels=[pos_label] to specify a single positive class.
  warnings.warn(

2026-05-10 19:59:29,390:INFO:Calculating mean and std
2026-05-10 19:59:29,390:INFO:Creating metrics dataframe
2026-05-10 19:59:29,392:INFO:Uploading results into container
2026-05-10 19:59:29,392:INFO:Uploading model into container now
2026-05-10 19:59:29,392:INFO:_master_model_container: 5
2026-05-10 19:59:29,392:INFO:_display_container: 2
2026-05-10 19:59:29,393:INFO:SGDClassifier(alpha=0.0001, average=False, class_weight=None,
              early_stopping=False, epsilon=0.1, eta0=0.001, fit_intercept=True,
              l1_ratio=0.15, learning_rate='optimal', loss='hinge',
              max_iter=1000, n_iter_no_change=5, n_jobs=-1, penalty='l2',
              power_t=0.5, random_state=42, shuffle=True, tol=0.001,
              validation_fraction=0.1, verbose=0, warm_start=False)
2026-05-10 19:59:29,393:INFO:create_model() successfully completed......................................
2026-05-10 19:59:29,458:INFO:SubProcess create_model() end ==================================
2026-05-10 19:59:29,458:INFO:Creating metrics dataframe
2026-05-10 19:59:29,460:INFO:Initializing Ridge Classifier
2026-05-10 19:59:29,460:INFO:Total runtime is 0.13097060124079385 minutes
2026-05-10 19:59:29,460:INFO:SubProcess create_model() called ==================================
2026-05-10 19:59:29,460:INFO:Initializing create_model()
2026-05-10 19:59:29,461:INFO:create_model(self=<pycaret.classification.oop.ClassificationExperiment object at 0x0000024621E85DD0>, estimator=ridge, fold=StratifiedKFold(n_splits=10, random_state=None, shuffle=False), round=4, cross_validation=True, predict=True, fit_kwargs={}, groups=None, refit=False, probability_threshold=None, experiment_custom_tags=None, verbose=False, system=False, add_to_model_list=True, metrics=None, display=<pycaret.internal.display.display.CommonDisplay object at 0x0000024622127A90>, model_only=True, return_train_score=False, error_score=0.0, kwargs={})
2026-05-10 19:59:29,461:INFO:Checking exceptions
2026-05-10 19:59:29,461:INFO:Importing libraries
2026-05-10 19:59:29,461:INFO:Copying training dataset
2026-05-10 19:59:29,468:INFO:Defining folds
2026-05-10 19:59:29,468:INFO:Declaring metric variables
2026-05-10 19:59:29,468:INFO:Importing untrained model
2026-05-10 19:59:29,468:INFO:Ridge Classifier Imported successfully
2026-05-10 19:59:29,468:INFO:Starting cross validation
2026-05-10 19:59:29,469:INFO:Cross validating with StratifiedKFold(n_splits=10, random_state=None, shuffle=False), n_jobs=-1
2026-05-10 19:59:29,526:WARNING:D:\GUARDAR\UNIVERSIDAD\3ºAño\Segundo cuatrimestre\Desarrollo con tecnologías emergentes\Laboratorio\TG3\.venv\Lib\site-packages\sklearn\metrics\_classification.py:1561: UserWarning: Note that pos_label (set to 'Riesgo') is ignored when average != 'binary' (got 'weighted'). You may use labels=[pos_label] to specify a single positive class.
  warnings.warn(

2026-05-10 19:59:29,527:WARNING:D:\GUARDAR\UNIVERSIDAD\3ºAño\Segundo cuatrimestre\Desarrollo con tecnologías emergentes\Laboratorio\TG3\.venv\Lib\site-packages\sklearn\metrics\_classification.py:1561: UserWarning: Note that pos_label (set to 'Riesgo') is ignored when average != 'binary' (got 'weighted'). You may use labels=[pos_label] to specify a single positive class.
  warnings.warn(

2026-05-10 19:59:29,527:WARNING:D:\GUARDAR\UNIVERSIDAD\3ºAño\Segundo cuatrimestre\Desarrollo con tecnologías emergentes\Laboratorio\TG3\.venv\Lib\site-packages\sklearn\metrics\_classification.py:1561: UserWarning: Note that pos_label (set to 'Riesgo') is ignored when average != 'binary' (got 'weighted'). You may use labels=[pos_label] to specify a single positive class.
  warnings.warn(

2026-05-10 19:59:29,527:WARNING:D:\GUARDAR\UNIVERSIDAD\3ºAño\Segundo cuatrimestre\Desarrollo con tecnologías emergentes\Laboratorio\TG3\.venv\Lib\site-packages\sklearn\metrics\_classification.py:1561: UserWarning: Note that pos_label (set to 'Riesgo') is ignored when average != 'binary' (got 'weighted'). You may use labels=[pos_label] to specify a single positive class.
  warnings.warn(

2026-05-10 19:59:29,529:WARNING:D:\GUARDAR\UNIVERSIDAD\3ºAño\Segundo cuatrimestre\Desarrollo con tecnologías emergentes\Laboratorio\TG3\.venv\Lib\site-packages\sklearn\metrics\_classification.py:1561: UserWarning: Note that pos_label (set to 'Riesgo') is ignored when average != 'binary' (got 'weighted'). You may use labels=[pos_label] to specify a single positive class.
  warnings.warn(

2026-05-10 19:59:29,529:WARNING:D:\GUARDAR\UNIVERSIDAD\3ºAño\Segundo cuatrimestre\Desarrollo con tecnologías emergentes\Laboratorio\TG3\.venv\Lib\site-packages\sklearn\metrics\_classification.py:1561: UserWarning: Note that pos_label (set to 'Riesgo') is ignored when average != 'binary' (got 'weighted'). You may use labels=[pos_label] to specify a single positive class.
  warnings.warn(

2026-05-10 19:59:29,530:WARNING:D:\GUARDAR\UNIVERSIDAD\3ºAño\Segundo cuatrimestre\Desarrollo con tecnologías emergentes\Laboratorio\TG3\.venv\Lib\site-packages\sklearn\metrics\_classification.py:1561: UserWarning: Note that pos_label (set to 'Riesgo') is ignored when average != 'binary' (got 'weighted'). You may use labels=[pos_label] to specify a single positive class.
  warnings.warn(

2026-05-10 19:59:29,531:WARNING:D:\GUARDAR\UNIVERSIDAD\3ºAño\Segundo cuatrimestre\Desarrollo con tecnologías emergentes\Laboratorio\TG3\.venv\Lib\site-packages\sklearn\metrics\_classification.py:1561: UserWarning: Note that pos_label (set to 'Riesgo') is ignored when average != 'binary' (got 'weighted'). You may use labels=[pos_label] to specify a single positive class.
  warnings.warn(

2026-05-10 19:59:29,531:WARNING:D:\GUARDAR\UNIVERSIDAD\3ºAño\Segundo cuatrimestre\Desarrollo con tecnologías emergentes\Laboratorio\TG3\.venv\Lib\site-packages\sklearn\metrics\_classification.py:1561: UserWarning: Note that pos_label (set to 'Riesgo') is ignored when average != 'binary' (got 'weighted'). You may use labels=[pos_label] to specify a single positive class.
  warnings.warn(

2026-05-10 19:59:29,531:WARNING:D:\GUARDAR\UNIVERSIDAD\3ºAño\Segundo cuatrimestre\Desarrollo con tecnologías emergentes\Laboratorio\TG3\.venv\Lib\site-packages\sklearn\metrics\_classification.py:1561: UserWarning: Note that pos_label (set to 'Riesgo') is ignored when average != 'binary' (got 'weighted'). You may use labels=[pos_label] to specify a single positive class.
  warnings.warn(

2026-05-10 19:59:29,533:WARNING:D:\GUARDAR\UNIVERSIDAD\3ºAño\Segundo cuatrimestre\Desarrollo con tecnologías emergentes\Laboratorio\TG3\.venv\Lib\site-packages\sklearn\metrics\_classification.py:1561: UserWarning: Note that pos_label (set to 'Riesgo') is ignored when average != 'binary' (got 'weighted'). You may use labels=[pos_label] to specify a single positive class.
  warnings.warn(

2026-05-10 19:59:29,533:WARNING:D:\GUARDAR\UNIVERSIDAD\3ºAño\Segundo cuatrimestre\Desarrollo con tecnologías emergentes\Laboratorio\TG3\.venv\Lib\site-packages\sklearn\metrics\_classification.py:1561: UserWarning: Note that pos_label (set to 'Riesgo') is ignored when average != 'binary' (got 'weighted'). You may use labels=[pos_label] to specify a single positive class.
  warnings.warn(

2026-05-10 19:59:29,535:WARNING:D:\GUARDAR\UNIVERSIDAD\3ºAño\Segundo cuatrimestre\Desarrollo con tecnologías emergentes\Laboratorio\TG3\.venv\Lib\site-packages\sklearn\metrics\_classification.py:1561: UserWarning: Note that pos_label (set to 'Riesgo') is ignored when average != 'binary' (got 'weighted'). You may use labels=[pos_label] to specify a single positive class.
  warnings.warn(

2026-05-10 19:59:29,535:WARNING:D:\GUARDAR\UNIVERSIDAD\3ºAño\Segundo cuatrimestre\Desarrollo con tecnologías emergentes\Laboratorio\TG3\.venv\Lib\site-packages\sklearn\metrics\_classification.py:1561: UserWarning: Note that pos_label (set to 'Riesgo') is ignored when average != 'binary' (got 'weighted'). You may use labels=[pos_label] to specify a single positive class.
  warnings.warn(

2026-05-10 19:59:29,535:WARNING:D:\GUARDAR\UNIVERSIDAD\3ºAño\Segundo cuatrimestre\Desarrollo con tecnologías emergentes\Laboratorio\TG3\.venv\Lib\site-packages\sklearn\metrics\_classification.py:1561: UserWarning: Note that pos_label (set to 'Riesgo') is ignored when average != 'binary' (got 'weighted'). You may use labels=[pos_label] to specify a single positive class.
  warnings.warn(

2026-05-10 19:59:29,536:WARNING:D:\GUARDAR\UNIVERSIDAD\3ºAño\Segundo cuatrimestre\Desarrollo con tecnologías emergentes\Laboratorio\TG3\.venv\Lib\site-packages\sklearn\metrics\_classification.py:1561: UserWarning: Note that pos_label (set to 'Riesgo') is ignored when average != 'binary' (got 'weighted'). You may use labels=[pos_label] to specify a single positive class.
  warnings.warn(

2026-05-10 19:59:29,536:WARNING:D:\GUARDAR\UNIVERSIDAD\3ºAño\Segundo cuatrimestre\Desarrollo con tecnologías emergentes\Laboratorio\TG3\.venv\Lib\site-packages\sklearn\metrics\_classification.py:1561: UserWarning: Note that pos_label (set to 'Riesgo') is ignored when average != 'binary' (got 'weighted'). You may use labels=[pos_label] to specify a single positive class.
  warnings.warn(

2026-05-10 19:59:29,537:WARNING:D:\GUARDAR\UNIVERSIDAD\3ºAño\Segundo cuatrimestre\Desarrollo con tecnologías emergentes\Laboratorio\TG3\.venv\Lib\site-packages\sklearn\metrics\_classification.py:1561: UserWarning: Note that pos_label (set to 'Riesgo') is ignored when average != 'binary' (got 'weighted'). You may use labels=[pos_label] to specify a single positive class.
  warnings.warn(

2026-05-10 19:59:29,537:WARNING:D:\GUARDAR\UNIVERSIDAD\3ºAño\Segundo cuatrimestre\Desarrollo con tecnologías emergentes\Laboratorio\TG3\.venv\Lib\site-packages\sklearn\metrics\_classification.py:1561: UserWarning: Note that pos_label (set to 'Riesgo') is ignored when average != 'binary' (got 'weighted'). You may use labels=[pos_label] to specify a single positive class.
  warnings.warn(

2026-05-10 19:59:29,538:WARNING:D:\GUARDAR\UNIVERSIDAD\3ºAño\Segundo cuatrimestre\Desarrollo con tecnologías emergentes\Laboratorio\TG3\.venv\Lib\site-packages\sklearn\metrics\_classification.py:1561: UserWarning: Note that pos_label (set to 'Riesgo') is ignored when average != 'binary' (got 'weighted'). You may use labels=[pos_label] to specify a single positive class.
  warnings.warn(

2026-05-10 19:59:29,539:WARNING:D:\GUARDAR\UNIVERSIDAD\3ºAño\Segundo cuatrimestre\Desarrollo con tecnologías emergentes\Laboratorio\TG3\.venv\Lib\site-packages\sklearn\metrics\_classification.py:1561: UserWarning: Note that pos_label (set to 'Riesgo') is ignored when average != 'binary' (got 'weighted'). You may use labels=[pos_label] to specify a single positive class.
  warnings.warn(

2026-05-10 19:59:29,540:WARNING:D:\GUARDAR\UNIVERSIDAD\3ºAño\Segundo cuatrimestre\Desarrollo con tecnologías emergentes\Laboratorio\TG3\.venv\Lib\site-packages\sklearn\metrics\_classification.py:1561: UserWarning: Note that pos_label (set to 'Riesgo') is ignored when average != 'binary' (got 'weighted'). You may use labels=[pos_label] to specify a single positive class.
  warnings.warn(

2026-05-10 19:59:29,540:WARNING:D:\GUARDAR\UNIVERSIDAD\3ºAño\Segundo cuatrimestre\Desarrollo con tecnologías emergentes\Laboratorio\TG3\.venv\Lib\site-packages\sklearn\metrics\_classification.py:1561: UserWarning: Note that pos_label (set to 'Riesgo') is ignored when average != 'binary' (got 'weighted'). You may use labels=[pos_label] to specify a single positive class.
  warnings.warn(

2026-05-10 19:59:29,542:WARNING:D:\GUARDAR\UNIVERSIDAD\3ºAño\Segundo cuatrimestre\Desarrollo con tecnologías emergentes\Laboratorio\TG3\.venv\Lib\site-packages\sklearn\metrics\_classification.py:1561: UserWarning: Note that pos_label (set to 'Riesgo') is ignored when average != 'binary' (got 'weighted'). You may use labels=[pos_label] to specify a single positive class.
  warnings.warn(

2026-05-10 19:59:29,542:WARNING:D:\GUARDAR\UNIVERSIDAD\3ºAño\Segundo cuatrimestre\Desarrollo con tecnologías emergentes\Laboratorio\TG3\.venv\Lib\site-packages\sklearn\metrics\_classification.py:1561: UserWarning: Note that pos_label (set to 'Riesgo') is ignored when average != 'binary' (got 'weighted'). You may use labels=[pos_label] to specify a single positive class.
  warnings.warn(

2026-05-10 19:59:29,544:WARNING:D:\GUARDAR\UNIVERSIDAD\3ºAño\Segundo cuatrimestre\Desarrollo con tecnologías emergentes\Laboratorio\TG3\.venv\Lib\site-packages\sklearn\metrics\_classification.py:1561: UserWarning: Note that pos_label (set to 'Riesgo') is ignored when average != 'binary' (got 'weighted'). You may use labels=[pos_label] to specify a single positive class.
  warnings.warn(

2026-05-10 19:59:29,545:WARNING:D:\GUARDAR\UNIVERSIDAD\3ºAño\Segundo cuatrimestre\Desarrollo con tecnologías emergentes\Laboratorio\TG3\.venv\Lib\site-packages\sklearn\metrics\_classification.py:1561: UserWarning: Note that pos_label (set to 'Riesgo') is ignored when average != 'binary' (got 'weighted'). You may use labels=[pos_label] to specify a single positive class.
  warnings.warn(

2026-05-10 19:59:29,546:WARNING:D:\GUARDAR\UNIVERSIDAD\3ºAño\Segundo cuatrimestre\Desarrollo con tecnologías emergentes\Laboratorio\TG3\.venv\Lib\site-packages\sklearn\metrics\_classification.py:1561: UserWarning: Note that pos_label (set to 'Riesgo') is ignored when average != 'binary' (got 'weighted'). You may use labels=[pos_label] to specify a single positive class.
  warnings.warn(

2026-05-10 19:59:29,554:INFO:Calculating mean and std
2026-05-10 19:59:29,554:INFO:Creating metrics dataframe
2026-05-10 19:59:29,556:INFO:Uploading results into container
2026-05-10 19:59:29,556:INFO:Uploading model into container now
2026-05-10 19:59:29,556:INFO:_master_model_container: 6
2026-05-10 19:59:29,556:INFO:_display_container: 2
2026-05-10 19:59:29,557:INFO:RidgeClassifier(alpha=1.0, class_weight=None, copy_X=True, fit_intercept=True,
                max_iter=None, positive=False, random_state=42, solver='auto',
                tol=0.0001)
2026-05-10 19:59:29,557:INFO:create_model() successfully completed......................................
2026-05-10 19:59:29,617:INFO:SubProcess create_model() end ==================================
2026-05-10 19:59:29,617:INFO:Creating metrics dataframe
2026-05-10 19:59:29,619:INFO:Initializing Random Forest Classifier
2026-05-10 19:59:29,619:INFO:Total runtime is 0.13362062772115071 minutes
2026-05-10 19:59:29,619:INFO:SubProcess create_model() called ==================================
2026-05-10 19:59:29,619:INFO:Initializing create_model()
2026-05-10 19:59:29,619:INFO:create_model(self=<pycaret.classification.oop.ClassificationExperiment object at 0x0000024621E85DD0>, estimator=rf, fold=StratifiedKFold(n_splits=10, random_state=None, shuffle=False), round=4, cross_validation=True, predict=True, fit_kwargs={}, groups=None, refit=False, probability_threshold=None, experiment_custom_tags=None, verbose=False, system=False, add_to_model_list=True, metrics=None, display=<pycaret.internal.display.display.CommonDisplay object at 0x0000024622127A90>, model_only=True, return_train_score=False, error_score=0.0, kwargs={})
2026-05-10 19:59:29,619:INFO:Checking exceptions
2026-05-10 19:59:29,619:INFO:Importing libraries
2026-05-10 19:59:29,619:INFO:Copying training dataset
2026-05-10 19:59:29,626:INFO:Defining folds
2026-05-10 19:59:29,626:INFO:Declaring metric variables
2026-05-10 19:59:29,626:INFO:Importing untrained model
2026-05-10 19:59:29,627:INFO:Random Forest Classifier Imported successfully
2026-05-10 19:59:29,627:INFO:Starting cross validation
2026-05-10 19:59:29,627:INFO:Cross validating with StratifiedKFold(n_splits=10, random_state=None, shuffle=False), n_jobs=-1
2026-05-10 19:59:30,109:WARNING:D:\GUARDAR\UNIVERSIDAD\3ºAño\Segundo cuatrimestre\Desarrollo con tecnologías emergentes\Laboratorio\TG3\.venv\Lib\site-packages\sklearn\metrics\_classification.py:1561: UserWarning: Note that pos_label (set to 'Riesgo') is ignored when average != 'binary' (got 'weighted'). You may use labels=[pos_label] to specify a single positive class.
  warnings.warn(

2026-05-10 19:59:30,112:WARNING:D:\GUARDAR\UNIVERSIDAD\3ºAño\Segundo cuatrimestre\Desarrollo con tecnologías emergentes\Laboratorio\TG3\.venv\Lib\site-packages\sklearn\metrics\_classification.py:1561: UserWarning: Note that pos_label (set to 'Riesgo') is ignored when average != 'binary' (got 'weighted'). You may use labels=[pos_label] to specify a single positive class.
  warnings.warn(

2026-05-10 19:59:30,112:WARNING:D:\GUARDAR\UNIVERSIDAD\3ºAño\Segundo cuatrimestre\Desarrollo con tecnologías emergentes\Laboratorio\TG3\.venv\Lib\site-packages\sklearn\metrics\_classification.py:1561: UserWarning: Note that pos_label (set to 'Riesgo') is ignored when average != 'binary' (got 'weighted'). You may use labels=[pos_label] to specify a single positive class.
  warnings.warn(

2026-05-10 19:59:30,114:WARNING:D:\GUARDAR\UNIVERSIDAD\3ºAño\Segundo cuatrimestre\Desarrollo con tecnologías emergentes\Laboratorio\TG3\.venv\Lib\site-packages\sklearn\metrics\_classification.py:1561: UserWarning: Note that pos_label (set to 'Riesgo') is ignored when average != 'binary' (got 'weighted'). You may use labels=[pos_label] to specify a single positive class.
  warnings.warn(

2026-05-10 19:59:30,117:WARNING:D:\GUARDAR\UNIVERSIDAD\3ºAño\Segundo cuatrimestre\Desarrollo con tecnologías emergentes\Laboratorio\TG3\.venv\Lib\site-packages\sklearn\metrics\_classification.py:1561: UserWarning: Note that pos_label (set to 'Riesgo') is ignored when average != 'binary' (got 'weighted'). You may use labels=[pos_label] to specify a single positive class.
  warnings.warn(

2026-05-10 19:59:30,118:WARNING:D:\GUARDAR\UNIVERSIDAD\3ºAño\Segundo cuatrimestre\Desarrollo con tecnologías emergentes\Laboratorio\TG3\.venv\Lib\site-packages\sklearn\metrics\_classification.py:1561: UserWarning: Note that pos_label (set to 'Riesgo') is ignored when average != 'binary' (got 'weighted'). You may use labels=[pos_label] to specify a single positive class.
  warnings.warn(

2026-05-10 19:59:30,118:WARNING:D:\GUARDAR\UNIVERSIDAD\3ºAño\Segundo cuatrimestre\Desarrollo con tecnologías emergentes\Laboratorio\TG3\.venv\Lib\site-packages\sklearn\metrics\_classification.py:1561: UserWarning: Note that pos_label (set to 'Riesgo') is ignored when average != 'binary' (got 'weighted'). You may use labels=[pos_label] to specify a single positive class.
  warnings.warn(

2026-05-10 19:59:30,121:WARNING:D:\GUARDAR\UNIVERSIDAD\3ºAño\Segundo cuatrimestre\Desarrollo con tecnologías emergentes\Laboratorio\TG3\.venv\Lib\site-packages\sklearn\metrics\_classification.py:1561: UserWarning: Note that pos_label (set to 'Riesgo') is ignored when average != 'binary' (got 'weighted'). You may use labels=[pos_label] to specify a single positive class.
  warnings.warn(

2026-05-10 19:59:30,122:WARNING:D:\GUARDAR\UNIVERSIDAD\3ºAño\Segundo cuatrimestre\Desarrollo con tecnologías emergentes\Laboratorio\TG3\.venv\Lib\site-packages\sklearn\metrics\_classification.py:1561: UserWarning: Note that pos_label (set to 'Riesgo') is ignored when average != 'binary' (got 'weighted'). You may use labels=[pos_label] to specify a single positive class.
  warnings.warn(

2026-05-10 19:59:30,125:WARNING:D:\GUARDAR\UNIVERSIDAD\3ºAño\Segundo cuatrimestre\Desarrollo con tecnologías emergentes\Laboratorio\TG3\.venv\Lib\site-packages\sklearn\metrics\_classification.py:1561: UserWarning: Note that pos_label (set to 'Riesgo') is ignored when average != 'binary' (got 'weighted'). You may use labels=[pos_label] to specify a single positive class.
  warnings.warn(

2026-05-10 19:59:30,126:WARNING:D:\GUARDAR\UNIVERSIDAD\3ºAño\Segundo cuatrimestre\Desarrollo con tecnologías emergentes\Laboratorio\TG3\.venv\Lib\site-packages\sklearn\metrics\_classification.py:1561: UserWarning: Note that pos_label (set to 'Riesgo') is ignored when average != 'binary' (got 'weighted'). You may use labels=[pos_label] to specify a single positive class.
  warnings.warn(

2026-05-10 19:59:30,128:WARNING:D:\GUARDAR\UNIVERSIDAD\3ºAño\Segundo cuatrimestre\Desarrollo con tecnologías emergentes\Laboratorio\TG3\.venv\Lib\site-packages\sklearn\metrics\_classification.py:1561: UserWarning: Note that pos_label (set to 'Riesgo') is ignored when average != 'binary' (got 'weighted'). You may use labels=[pos_label] to specify a single positive class.
  warnings.warn(

2026-05-10 19:59:30,128:WARNING:D:\GUARDAR\UNIVERSIDAD\3ºAño\Segundo cuatrimestre\Desarrollo con tecnologías emergentes\Laboratorio\TG3\.venv\Lib\site-packages\sklearn\metrics\_classification.py:1561: UserWarning: Note that pos_label (set to 'Riesgo') is ignored when average != 'binary' (got 'weighted'). You may use labels=[pos_label] to specify a single positive class.
  warnings.warn(

2026-05-10 19:59:30,130:WARNING:D:\GUARDAR\UNIVERSIDAD\3ºAño\Segundo cuatrimestre\Desarrollo con tecnologías emergentes\Laboratorio\TG3\.venv\Lib\site-packages\sklearn\metrics\_classification.py:1561: UserWarning: Note that pos_label (set to 'Riesgo') is ignored when average != 'binary' (got 'weighted'). You may use labels=[pos_label] to specify a single positive class.
  warnings.warn(

2026-05-10 19:59:30,132:WARNING:D:\GUARDAR\UNIVERSIDAD\3ºAño\Segundo cuatrimestre\Desarrollo con tecnologías emergentes\Laboratorio\TG3\.venv\Lib\site-packages\sklearn\metrics\_classification.py:1561: UserWarning: Note that pos_label (set to 'Riesgo') is ignored when average != 'binary' (got 'weighted'). You may use labels=[pos_label] to specify a single positive class.
  warnings.warn(

2026-05-10 19:59:30,133:WARNING:D:\GUARDAR\UNIVERSIDAD\3ºAño\Segundo cuatrimestre\Desarrollo con tecnologías emergentes\Laboratorio\TG3\.venv\Lib\site-packages\sklearn\metrics\_classification.py:1561: UserWarning: Note that pos_label (set to 'Riesgo') is ignored when average != 'binary' (got 'weighted'). You may use labels=[pos_label] to specify a single positive class.
  warnings.warn(

2026-05-10 19:59:30,136:WARNING:D:\GUARDAR\UNIVERSIDAD\3ºAño\Segundo cuatrimestre\Desarrollo con tecnologías emergentes\Laboratorio\TG3\.venv\Lib\site-packages\sklearn\metrics\_classification.py:1561: UserWarning: Note that pos_label (set to 'Riesgo') is ignored when average != 'binary' (got 'weighted'). You may use labels=[pos_label] to specify a single positive class.
  warnings.warn(

2026-05-10 19:59:30,138:WARNING:D:\GUARDAR\UNIVERSIDAD\3ºAño\Segundo cuatrimestre\Desarrollo con tecnologías emergentes\Laboratorio\TG3\.venv\Lib\site-packages\sklearn\metrics\_classification.py:1561: UserWarning: Note that pos_label (set to 'Riesgo') is ignored when average != 'binary' (got 'weighted'). You may use labels=[pos_label] to specify a single positive class.
  warnings.warn(

2026-05-10 19:59:30,146:WARNING:D:\GUARDAR\UNIVERSIDAD\3ºAño\Segundo cuatrimestre\Desarrollo con tecnologías emergentes\Laboratorio\TG3\.venv\Lib\site-packages\sklearn\metrics\_classification.py:1561: UserWarning: Note that pos_label (set to 'Riesgo') is ignored when average != 'binary' (got 'weighted'). You may use labels=[pos_label] to specify a single positive class.
  warnings.warn(

2026-05-10 19:59:30,147:WARNING:D:\GUARDAR\UNIVERSIDAD\3ºAño\Segundo cuatrimestre\Desarrollo con tecnologías emergentes\Laboratorio\TG3\.venv\Lib\site-packages\sklearn\metrics\_classification.py:1561: UserWarning: Note that pos_label (set to 'Riesgo') is ignored when average != 'binary' (got 'weighted'). You may use labels=[pos_label] to specify a single positive class.
  warnings.warn(

2026-05-10 19:59:30,149:WARNING:D:\GUARDAR\UNIVERSIDAD\3ºAño\Segundo cuatrimestre\Desarrollo con tecnologías emergentes\Laboratorio\TG3\.venv\Lib\site-packages\sklearn\metrics\_classification.py:1561: UserWarning: Note that pos_label (set to 'Riesgo') is ignored when average != 'binary' (got 'weighted'). You may use labels=[pos_label] to specify a single positive class.
  warnings.warn(

2026-05-10 19:59:30,150:WARNING:D:\GUARDAR\UNIVERSIDAD\3ºAño\Segundo cuatrimestre\Desarrollo con tecnologías emergentes\Laboratorio\TG3\.venv\Lib\site-packages\sklearn\metrics\_classification.py:1561: UserWarning: Note that pos_label (set to 'Riesgo') is ignored when average != 'binary' (got 'weighted'). You may use labels=[pos_label] to specify a single positive class.
  warnings.warn(

2026-05-10 19:59:30,151:WARNING:D:\GUARDAR\UNIVERSIDAD\3ºAño\Segundo cuatrimestre\Desarrollo con tecnologías emergentes\Laboratorio\TG3\.venv\Lib\site-packages\sklearn\metrics\_classification.py:1561: UserWarning: Note that pos_label (set to 'Riesgo') is ignored when average != 'binary' (got 'weighted'). You may use labels=[pos_label] to specify a single positive class.
  warnings.warn(

2026-05-10 19:59:30,151:WARNING:D:\GUARDAR\UNIVERSIDAD\3ºAño\Segundo cuatrimestre\Desarrollo con tecnologías emergentes\Laboratorio\TG3\.venv\Lib\site-packages\sklearn\metrics\_classification.py:1561: UserWarning: Note that pos_label (set to 'Riesgo') is ignored when average != 'binary' (got 'weighted'). You may use labels=[pos_label] to specify a single positive class.
  warnings.warn(

2026-05-10 19:59:30,153:WARNING:D:\GUARDAR\UNIVERSIDAD\3ºAño\Segundo cuatrimestre\Desarrollo con tecnologías emergentes\Laboratorio\TG3\.venv\Lib\site-packages\sklearn\metrics\_classification.py:1561: UserWarning: Note that pos_label (set to 'Riesgo') is ignored when average != 'binary' (got 'weighted'). You may use labels=[pos_label] to specify a single positive class.
  warnings.warn(

2026-05-10 19:59:30,153:WARNING:D:\GUARDAR\UNIVERSIDAD\3ºAño\Segundo cuatrimestre\Desarrollo con tecnologías emergentes\Laboratorio\TG3\.venv\Lib\site-packages\sklearn\metrics\_classification.py:1561: UserWarning: Note that pos_label (set to 'Riesgo') is ignored when average != 'binary' (got 'weighted'). You may use labels=[pos_label] to specify a single positive class.
  warnings.warn(

2026-05-10 19:59:30,155:WARNING:D:\GUARDAR\UNIVERSIDAD\3ºAño\Segundo cuatrimestre\Desarrollo con tecnologías emergentes\Laboratorio\TG3\.venv\Lib\site-packages\sklearn\metrics\_classification.py:1561: UserWarning: Note that pos_label (set to 'Riesgo') is ignored when average != 'binary' (got 'weighted'). You may use labels=[pos_label] to specify a single positive class.
  warnings.warn(

2026-05-10 19:59:30,223:WARNING:D:\GUARDAR\UNIVERSIDAD\3ºAño\Segundo cuatrimestre\Desarrollo con tecnologías emergentes\Laboratorio\TG3\.venv\Lib\site-packages\sklearn\metrics\_classification.py:1561: UserWarning: Note that pos_label (set to 'Riesgo') is ignored when average != 'binary' (got 'weighted'). You may use labels=[pos_label] to specify a single positive class.
  warnings.warn(

2026-05-10 19:59:30,226:WARNING:D:\GUARDAR\UNIVERSIDAD\3ºAño\Segundo cuatrimestre\Desarrollo con tecnologías emergentes\Laboratorio\TG3\.venv\Lib\site-packages\sklearn\metrics\_classification.py:1561: UserWarning: Note that pos_label (set to 'Riesgo') is ignored when average != 'binary' (got 'weighted'). You may use labels=[pos_label] to specify a single positive class.
  warnings.warn(

2026-05-10 19:59:30,228:WARNING:D:\GUARDAR\UNIVERSIDAD\3ºAño\Segundo cuatrimestre\Desarrollo con tecnologías emergentes\Laboratorio\TG3\.venv\Lib\site-packages\sklearn\metrics\_classification.py:1561: UserWarning: Note that pos_label (set to 'Riesgo') is ignored when average != 'binary' (got 'weighted'). You may use labels=[pos_label] to specify a single positive class.
  warnings.warn(

2026-05-10 19:59:30,241:INFO:Calculating mean and std
2026-05-10 19:59:30,242:INFO:Creating metrics dataframe
2026-05-10 19:59:30,243:INFO:Uploading results into container
2026-05-10 19:59:30,243:INFO:Uploading model into container now
2026-05-10 19:59:30,243:INFO:_master_model_container: 7
2026-05-10 19:59:30,243:INFO:_display_container: 2
2026-05-10 19:59:30,244:INFO:RandomForestClassifier(bootstrap=True, ccp_alpha=0.0, class_weight=None,
                       criterion='gini', max_depth=None, max_features='sqrt',
                       max_leaf_nodes=None, max_samples=None,
                       min_impurity_decrease=0.0, min_samples_leaf=1,
                       min_samples_split=2, min_weight_fraction_leaf=0.0,
                       monotonic_cst=None, n_estimators=100, n_jobs=-1,
                       oob_score=False, random_state=42, verbose=0,
                       warm_start=False)
2026-05-10 19:59:30,244:INFO:create_model() successfully completed......................................
2026-05-10 19:59:30,308:INFO:SubProcess create_model() end ==================================
2026-05-10 19:59:30,308:INFO:Creating metrics dataframe
2026-05-10 19:59:30,310:INFO:Initializing Quadratic Discriminant Analysis
2026-05-10 19:59:30,310:INFO:Total runtime is 0.14514163732528687 minutes
2026-05-10 19:59:30,310:INFO:SubProcess create_model() called ==================================
2026-05-10 19:59:30,310:INFO:Initializing create_model()
2026-05-10 19:59:30,310:INFO:create_model(self=<pycaret.classification.oop.ClassificationExperiment object at 0x0000024621E85DD0>, estimator=qda, fold=StratifiedKFold(n_splits=10, random_state=None, shuffle=False), round=4, cross_validation=True, predict=True, fit_kwargs={}, groups=None, refit=False, probability_threshold=None, experiment_custom_tags=None, verbose=False, system=False, add_to_model_list=True, metrics=None, display=<pycaret.internal.display.display.CommonDisplay object at 0x0000024622127A90>, model_only=True, return_train_score=False, error_score=0.0, kwargs={})
2026-05-10 19:59:30,310:INFO:Checking exceptions
2026-05-10 19:59:30,310:INFO:Importing libraries
2026-05-10 19:59:30,310:INFO:Copying training dataset
2026-05-10 19:59:30,317:INFO:Defining folds
2026-05-10 19:59:30,317:INFO:Declaring metric variables
2026-05-10 19:59:30,317:INFO:Importing untrained model
2026-05-10 19:59:30,317:INFO:Quadratic Discriminant Analysis Imported successfully
2026-05-10 19:59:30,318:INFO:Starting cross validation
2026-05-10 19:59:30,318:INFO:Cross validating with StratifiedKFold(n_splits=10, random_state=None, shuffle=False), n_jobs=-1
2026-05-10 19:59:30,378:WARNING:D:\GUARDAR\UNIVERSIDAD\3ºAño\Segundo cuatrimestre\Desarrollo con tecnologías emergentes\Laboratorio\TG3\.venv\Lib\site-packages\sklearn\metrics\_classification.py:1561: UserWarning: Note that pos_label (set to 'Riesgo') is ignored when average != 'binary' (got 'weighted'). You may use labels=[pos_label] to specify a single positive class.
  warnings.warn(

2026-05-10 19:59:30,383:WARNING:D:\GUARDAR\UNIVERSIDAD\3ºAño\Segundo cuatrimestre\Desarrollo con tecnologías emergentes\Laboratorio\TG3\.venv\Lib\site-packages\sklearn\metrics\_classification.py:1561: UserWarning: Note that pos_label (set to 'Riesgo') is ignored when average != 'binary' (got 'weighted'). You may use labels=[pos_label] to specify a single positive class.
  warnings.warn(

2026-05-10 19:59:30,383:WARNING:D:\GUARDAR\UNIVERSIDAD\3ºAño\Segundo cuatrimestre\Desarrollo con tecnologías emergentes\Laboratorio\TG3\.venv\Lib\site-packages\sklearn\metrics\_classification.py:1561: UserWarning: Note that pos_label (set to 'Riesgo') is ignored when average != 'binary' (got 'weighted'). You may use labels=[pos_label] to specify a single positive class.
  warnings.warn(

2026-05-10 19:59:30,385:WARNING:D:\GUARDAR\UNIVERSIDAD\3ºAño\Segundo cuatrimestre\Desarrollo con tecnologías emergentes\Laboratorio\TG3\.venv\Lib\site-packages\sklearn\metrics\_classification.py:1561: UserWarning: Note that pos_label (set to 'Riesgo') is ignored when average != 'binary' (got 'weighted'). You may use labels=[pos_label] to specify a single positive class.
  warnings.warn(

2026-05-10 19:59:30,386:WARNING:D:\GUARDAR\UNIVERSIDAD\3ºAño\Segundo cuatrimestre\Desarrollo con tecnologías emergentes\Laboratorio\TG3\.venv\Lib\site-packages\sklearn\metrics\_classification.py:1561: UserWarning: Note that pos_label (set to 'Riesgo') is ignored when average != 'binary' (got 'weighted'). You may use labels=[pos_label] to specify a single positive class.
  warnings.warn(

2026-05-10 19:59:30,387:WARNING:D:\GUARDAR\UNIVERSIDAD\3ºAño\Segundo cuatrimestre\Desarrollo con tecnologías emergentes\Laboratorio\TG3\.venv\Lib\site-packages\sklearn\metrics\_classification.py:1561: UserWarning: Note that pos_label (set to 'Riesgo') is ignored when average != 'binary' (got 'weighted'). You may use labels=[pos_label] to specify a single positive class.
  warnings.warn(

2026-05-10 19:59:30,387:WARNING:D:\GUARDAR\UNIVERSIDAD\3ºAño\Segundo cuatrimestre\Desarrollo con tecnologías emergentes\Laboratorio\TG3\.venv\Lib\site-packages\sklearn\metrics\_classification.py:1561: UserWarning: Note that pos_label (set to 'Riesgo') is ignored when average != 'binary' (got 'weighted'). You may use labels=[pos_label] to specify a single positive class.
  warnings.warn(

2026-05-10 19:59:30,387:WARNING:D:\GUARDAR\UNIVERSIDAD\3ºAño\Segundo cuatrimestre\Desarrollo con tecnologías emergentes\Laboratorio\TG3\.venv\Lib\site-packages\sklearn\metrics\_classification.py:1561: UserWarning: Note that pos_label (set to 'Riesgo') is ignored when average != 'binary' (got 'weighted'). You may use labels=[pos_label] to specify a single positive class.
  warnings.warn(

2026-05-10 19:59:30,387:WARNING:D:\GUARDAR\UNIVERSIDAD\3ºAño\Segundo cuatrimestre\Desarrollo con tecnologías emergentes\Laboratorio\TG3\.venv\Lib\site-packages\sklearn\metrics\_classification.py:1561: UserWarning: Note that pos_label (set to 'Riesgo') is ignored when average != 'binary' (got 'weighted'). You may use labels=[pos_label] to specify a single positive class.
  warnings.warn(

2026-05-10 19:59:30,390:WARNING:D:\GUARDAR\UNIVERSIDAD\3ºAño\Segundo cuatrimestre\Desarrollo con tecnologías emergentes\Laboratorio\TG3\.venv\Lib\site-packages\sklearn\metrics\_classification.py:1561: UserWarning: Note that pos_label (set to 'Riesgo') is ignored when average != 'binary' (got 'weighted'). You may use labels=[pos_label] to specify a single positive class.
  warnings.warn(

2026-05-10 19:59:30,390:WARNING:D:\GUARDAR\UNIVERSIDAD\3ºAño\Segundo cuatrimestre\Desarrollo con tecnologías emergentes\Laboratorio\TG3\.venv\Lib\site-packages\sklearn\metrics\_classification.py:1561: UserWarning: Note that pos_label (set to 'Riesgo') is ignored when average != 'binary' (got 'weighted'). You may use labels=[pos_label] to specify a single positive class.
  warnings.warn(

2026-05-10 19:59:30,391:WARNING:D:\GUARDAR\UNIVERSIDAD\3ºAño\Segundo cuatrimestre\Desarrollo con tecnologías emergentes\Laboratorio\TG3\.venv\Lib\site-packages\sklearn\metrics\_classification.py:1561: UserWarning: Note that pos_label (set to 'Riesgo') is ignored when average != 'binary' (got 'weighted'). You may use labels=[pos_label] to specify a single positive class.
  warnings.warn(

2026-05-10 19:59:30,391:WARNING:D:\GUARDAR\UNIVERSIDAD\3ºAño\Segundo cuatrimestre\Desarrollo con tecnologías emergentes\Laboratorio\TG3\.venv\Lib\site-packages\sklearn\metrics\_classification.py:1561: UserWarning: Note that pos_label (set to 'Riesgo') is ignored when average != 'binary' (got 'weighted'). You may use labels=[pos_label] to specify a single positive class.
  warnings.warn(

2026-05-10 19:59:30,392:WARNING:D:\GUARDAR\UNIVERSIDAD\3ºAño\Segundo cuatrimestre\Desarrollo con tecnologías emergentes\Laboratorio\TG3\.venv\Lib\site-packages\sklearn\metrics\_classification.py:1561: UserWarning: Note that pos_label (set to 'Riesgo') is ignored when average != 'binary' (got 'weighted'). You may use labels=[pos_label] to specify a single positive class.
  warnings.warn(

2026-05-10 19:59:30,392:WARNING:D:\GUARDAR\UNIVERSIDAD\3ºAño\Segundo cuatrimestre\Desarrollo con tecnologías emergentes\Laboratorio\TG3\.venv\Lib\site-packages\sklearn\metrics\_classification.py:1561: UserWarning: Note that pos_label (set to 'Riesgo') is ignored when average != 'binary' (got 'weighted'). You may use labels=[pos_label] to specify a single positive class.
  warnings.warn(

2026-05-10 19:59:30,394:WARNING:D:\GUARDAR\UNIVERSIDAD\3ºAño\Segundo cuatrimestre\Desarrollo con tecnologías emergentes\Laboratorio\TG3\.venv\Lib\site-packages\sklearn\metrics\_classification.py:1561: UserWarning: Note that pos_label (set to 'Riesgo') is ignored when average != 'binary' (got 'weighted'). You may use labels=[pos_label] to specify a single positive class.
  warnings.warn(

2026-05-10 19:59:30,395:WARNING:D:\GUARDAR\UNIVERSIDAD\3ºAño\Segundo cuatrimestre\Desarrollo con tecnologías emergentes\Laboratorio\TG3\.venv\Lib\site-packages\sklearn\metrics\_classification.py:1561: UserWarning: Note that pos_label (set to 'Riesgo') is ignored when average != 'binary' (got 'weighted'). You may use labels=[pos_label] to specify a single positive class.
  warnings.warn(

2026-05-10 19:59:30,395:WARNING:D:\GUARDAR\UNIVERSIDAD\3ºAño\Segundo cuatrimestre\Desarrollo con tecnologías emergentes\Laboratorio\TG3\.venv\Lib\site-packages\sklearn\metrics\_classification.py:1561: UserWarning: Note that pos_label (set to 'Riesgo') is ignored when average != 'binary' (got 'weighted'). You may use labels=[pos_label] to specify a single positive class.
  warnings.warn(

2026-05-10 19:59:30,396:WARNING:D:\GUARDAR\UNIVERSIDAD\3ºAño\Segundo cuatrimestre\Desarrollo con tecnologías emergentes\Laboratorio\TG3\.venv\Lib\site-packages\sklearn\metrics\_classification.py:1561: UserWarning: Note that pos_label (set to 'Riesgo') is ignored when average != 'binary' (got 'weighted'). You may use labels=[pos_label] to specify a single positive class.
  warnings.warn(

2026-05-10 19:59:30,396:WARNING:D:\GUARDAR\UNIVERSIDAD\3ºAño\Segundo cuatrimestre\Desarrollo con tecnologías emergentes\Laboratorio\TG3\.venv\Lib\site-packages\sklearn\metrics\_classification.py:1561: UserWarning: Note that pos_label (set to 'Riesgo') is ignored when average != 'binary' (got 'weighted'). You may use labels=[pos_label] to specify a single positive class.
  warnings.warn(

2026-05-10 19:59:30,396:WARNING:D:\GUARDAR\UNIVERSIDAD\3ºAño\Segundo cuatrimestre\Desarrollo con tecnologías emergentes\Laboratorio\TG3\.venv\Lib\site-packages\sklearn\metrics\_classification.py:1561: UserWarning: Note that pos_label (set to 'Riesgo') is ignored when average != 'binary' (got 'weighted'). You may use labels=[pos_label] to specify a single positive class.
  warnings.warn(

2026-05-10 19:59:30,397:WARNING:D:\GUARDAR\UNIVERSIDAD\3ºAño\Segundo cuatrimestre\Desarrollo con tecnologías emergentes\Laboratorio\TG3\.venv\Lib\site-packages\sklearn\metrics\_classification.py:1561: UserWarning: Note that pos_label (set to 'Riesgo') is ignored when average != 'binary' (got 'weighted'). You may use labels=[pos_label] to specify a single positive class.
  warnings.warn(

2026-05-10 19:59:30,398:WARNING:D:\GUARDAR\UNIVERSIDAD\3ºAño\Segundo cuatrimestre\Desarrollo con tecnologías emergentes\Laboratorio\TG3\.venv\Lib\site-packages\sklearn\metrics\_classification.py:1561: UserWarning: Note that pos_label (set to 'Riesgo') is ignored when average != 'binary' (got 'weighted'). You may use labels=[pos_label] to specify a single positive class.
  warnings.warn(

2026-05-10 19:59:30,400:WARNING:D:\GUARDAR\UNIVERSIDAD\3ºAño\Segundo cuatrimestre\Desarrollo con tecnologías emergentes\Laboratorio\TG3\.venv\Lib\site-packages\sklearn\metrics\_classification.py:1561: UserWarning: Note that pos_label (set to 'Riesgo') is ignored when average != 'binary' (got 'weighted'). You may use labels=[pos_label] to specify a single positive class.
  warnings.warn(

2026-05-10 19:59:30,400:WARNING:D:\GUARDAR\UNIVERSIDAD\3ºAño\Segundo cuatrimestre\Desarrollo con tecnologías emergentes\Laboratorio\TG3\.venv\Lib\site-packages\sklearn\metrics\_classification.py:1561: UserWarning: Note that pos_label (set to 'Riesgo') is ignored when average != 'binary' (got 'weighted'). You may use labels=[pos_label] to specify a single positive class.
  warnings.warn(

2026-05-10 19:59:30,402:WARNING:D:\GUARDAR\UNIVERSIDAD\3ºAño\Segundo cuatrimestre\Desarrollo con tecnologías emergentes\Laboratorio\TG3\.venv\Lib\site-packages\sklearn\metrics\_classification.py:1561: UserWarning: Note that pos_label (set to 'Riesgo') is ignored when average != 'binary' (got 'weighted'). You may use labels=[pos_label] to specify a single positive class.
  warnings.warn(

2026-05-10 19:59:30,403:WARNING:D:\GUARDAR\UNIVERSIDAD\3ºAño\Segundo cuatrimestre\Desarrollo con tecnologías emergentes\Laboratorio\TG3\.venv\Lib\site-packages\sklearn\metrics\_classification.py:1561: UserWarning: Note that pos_label (set to 'Riesgo') is ignored when average != 'binary' (got 'weighted'). You may use labels=[pos_label] to specify a single positive class.
  warnings.warn(

2026-05-10 19:59:30,404:WARNING:D:\GUARDAR\UNIVERSIDAD\3ºAño\Segundo cuatrimestre\Desarrollo con tecnologías emergentes\Laboratorio\TG3\.venv\Lib\site-packages\sklearn\metrics\_classification.py:1561: UserWarning: Note that pos_label (set to 'Riesgo') is ignored when average != 'binary' (got 'weighted'). You may use labels=[pos_label] to specify a single positive class.
  warnings.warn(

2026-05-10 19:59:30,404:WARNING:D:\GUARDAR\UNIVERSIDAD\3ºAño\Segundo cuatrimestre\Desarrollo con tecnologías emergentes\Laboratorio\TG3\.venv\Lib\site-packages\sklearn\metrics\_classification.py:1561: UserWarning: Note that pos_label (set to 'Riesgo') is ignored when average != 'binary' (got 'weighted'). You may use labels=[pos_label] to specify a single positive class.
  warnings.warn(

2026-05-10 19:59:30,417:INFO:Calculating mean and std
2026-05-10 19:59:30,417:INFO:Creating metrics dataframe
2026-05-10 19:59:30,419:INFO:Uploading results into container
2026-05-10 19:59:30,419:INFO:Uploading model into container now
2026-05-10 19:59:30,419:INFO:_master_model_container: 8
2026-05-10 19:59:30,419:INFO:_display_container: 2
2026-05-10 19:59:30,420:INFO:QuadraticDiscriminantAnalysis(priors=None, reg_param=0.0,
                              store_covariance=False, tol=0.0001)
2026-05-10 19:59:30,420:INFO:create_model() successfully completed......................................
2026-05-10 19:59:30,479:INFO:SubProcess create_model() end ==================================
2026-05-10 19:59:30,479:INFO:Creating metrics dataframe
2026-05-10 19:59:30,481:INFO:Initializing Ada Boost Classifier
2026-05-10 19:59:30,481:INFO:Total runtime is 0.14799168109893798 minutes
2026-05-10 19:59:30,481:INFO:SubProcess create_model() called ==================================
2026-05-10 19:59:30,481:INFO:Initializing create_model()
2026-05-10 19:59:30,481:INFO:create_model(self=<pycaret.classification.oop.ClassificationExperiment object at 0x0000024621E85DD0>, estimator=ada, fold=StratifiedKFold(n_splits=10, random_state=None, shuffle=False), round=4, cross_validation=True, predict=True, fit_kwargs={}, groups=None, refit=False, probability_threshold=None, experiment_custom_tags=None, verbose=False, system=False, add_to_model_list=True, metrics=None, display=<pycaret.internal.display.display.CommonDisplay object at 0x0000024622127A90>, model_only=True, return_train_score=False, error_score=0.0, kwargs={})
2026-05-10 19:59:30,481:INFO:Checking exceptions
2026-05-10 19:59:30,481:INFO:Importing libraries
2026-05-10 19:59:30,482:INFO:Copying training dataset
2026-05-10 19:59:30,488:INFO:Defining folds
2026-05-10 19:59:30,488:INFO:Declaring metric variables
2026-05-10 19:59:30,488:INFO:Importing untrained model
2026-05-10 19:59:30,489:INFO:Ada Boost Classifier Imported successfully
2026-05-10 19:59:30,489:INFO:Starting cross validation
2026-05-10 19:59:30,489:INFO:Cross validating with StratifiedKFold(n_splits=10, random_state=None, shuffle=False), n_jobs=-1
2026-05-10 19:59:30,529:WARNING:D:\GUARDAR\UNIVERSIDAD\3ºAño\Segundo cuatrimestre\Desarrollo con tecnologías emergentes\Laboratorio\TG3\.venv\Lib\site-packages\sklearn\ensemble\_weight_boosting.py:519: FutureWarning: The SAMME.R algorithm (the default) is deprecated and will be removed in 1.6. Use the SAMME algorithm to circumvent this warning.
  warnings.warn(

2026-05-10 19:59:30,529:WARNING:D:\GUARDAR\UNIVERSIDAD\3ºAño\Segundo cuatrimestre\Desarrollo con tecnologías emergentes\Laboratorio\TG3\.venv\Lib\site-packages\sklearn\ensemble\_weight_boosting.py:519: FutureWarning: The SAMME.R algorithm (the default) is deprecated and will be removed in 1.6. Use the SAMME algorithm to circumvent this warning.
  warnings.warn(

2026-05-10 19:59:30,533:WARNING:D:\GUARDAR\UNIVERSIDAD\3ºAño\Segundo cuatrimestre\Desarrollo con tecnologías emergentes\Laboratorio\TG3\.venv\Lib\site-packages\sklearn\ensemble\_weight_boosting.py:519: FutureWarning: The SAMME.R algorithm (the default) is deprecated and will be removed in 1.6. Use the SAMME algorithm to circumvent this warning.
  warnings.warn(

2026-05-10 19:59:30,534:WARNING:D:\GUARDAR\UNIVERSIDAD\3ºAño\Segundo cuatrimestre\Desarrollo con tecnologías emergentes\Laboratorio\TG3\.venv\Lib\site-packages\sklearn\ensemble\_weight_boosting.py:519: FutureWarning: The SAMME.R algorithm (the default) is deprecated and will be removed in 1.6. Use the SAMME algorithm to circumvent this warning.
  warnings.warn(

2026-05-10 19:59:30,535:WARNING:D:\GUARDAR\UNIVERSIDAD\3ºAño\Segundo cuatrimestre\Desarrollo con tecnologías emergentes\Laboratorio\TG3\.venv\Lib\site-packages\sklearn\ensemble\_weight_boosting.py:519: FutureWarning: The SAMME.R algorithm (the default) is deprecated and will be removed in 1.6. Use the SAMME algorithm to circumvent this warning.
  warnings.warn(

2026-05-10 19:59:30,536:WARNING:D:\GUARDAR\UNIVERSIDAD\3ºAño\Segundo cuatrimestre\Desarrollo con tecnologías emergentes\Laboratorio\TG3\.venv\Lib\site-packages\sklearn\ensemble\_weight_boosting.py:519: FutureWarning: The SAMME.R algorithm (the default) is deprecated and will be removed in 1.6. Use the SAMME algorithm to circumvent this warning.
  warnings.warn(

2026-05-10 19:59:30,538:WARNING:D:\GUARDAR\UNIVERSIDAD\3ºAño\Segundo cuatrimestre\Desarrollo con tecnologías emergentes\Laboratorio\TG3\.venv\Lib\site-packages\sklearn\ensemble\_weight_boosting.py:519: FutureWarning: The SAMME.R algorithm (the default) is deprecated and will be removed in 1.6. Use the SAMME algorithm to circumvent this warning.
  warnings.warn(

2026-05-10 19:59:30,539:WARNING:D:\GUARDAR\UNIVERSIDAD\3ºAño\Segundo cuatrimestre\Desarrollo con tecnologías emergentes\Laboratorio\TG3\.venv\Lib\site-packages\sklearn\ensemble\_weight_boosting.py:519: FutureWarning: The SAMME.R algorithm (the default) is deprecated and will be removed in 1.6. Use the SAMME algorithm to circumvent this warning.
  warnings.warn(

2026-05-10 19:59:30,541:WARNING:D:\GUARDAR\UNIVERSIDAD\3ºAño\Segundo cuatrimestre\Desarrollo con tecnologías emergentes\Laboratorio\TG3\.venv\Lib\site-packages\sklearn\ensemble\_weight_boosting.py:519: FutureWarning: The SAMME.R algorithm (the default) is deprecated and will be removed in 1.6. Use the SAMME algorithm to circumvent this warning.
  warnings.warn(

2026-05-10 19:59:30,544:WARNING:D:\GUARDAR\UNIVERSIDAD\3ºAño\Segundo cuatrimestre\Desarrollo con tecnologías emergentes\Laboratorio\TG3\.venv\Lib\site-packages\sklearn\ensemble\_weight_boosting.py:519: FutureWarning: The SAMME.R algorithm (the default) is deprecated and will be removed in 1.6. Use the SAMME algorithm to circumvent this warning.
  warnings.warn(

2026-05-10 19:59:30,772:WARNING:D:\GUARDAR\UNIVERSIDAD\3ºAño\Segundo cuatrimestre\Desarrollo con tecnologías emergentes\Laboratorio\TG3\.venv\Lib\site-packages\sklearn\metrics\_classification.py:1561: UserWarning: Note that pos_label (set to 'Riesgo') is ignored when average != 'binary' (got 'weighted'). You may use labels=[pos_label] to specify a single positive class.
  warnings.warn(

2026-05-10 19:59:30,773:WARNING:D:\GUARDAR\UNIVERSIDAD\3ºAño\Segundo cuatrimestre\Desarrollo con tecnologías emergentes\Laboratorio\TG3\.venv\Lib\site-packages\sklearn\metrics\_classification.py:1561: UserWarning: Note that pos_label (set to 'Riesgo') is ignored when average != 'binary' (got 'weighted'). You may use labels=[pos_label] to specify a single positive class.
  warnings.warn(

2026-05-10 19:59:30,776:WARNING:D:\GUARDAR\UNIVERSIDAD\3ºAño\Segundo cuatrimestre\Desarrollo con tecnologías emergentes\Laboratorio\TG3\.venv\Lib\site-packages\sklearn\metrics\_classification.py:1561: UserWarning: Note that pos_label (set to 'Riesgo') is ignored when average != 'binary' (got 'weighted'). You may use labels=[pos_label] to specify a single positive class.
  warnings.warn(

2026-05-10 19:59:30,776:WARNING:D:\GUARDAR\UNIVERSIDAD\3ºAño\Segundo cuatrimestre\Desarrollo con tecnologías emergentes\Laboratorio\TG3\.venv\Lib\site-packages\sklearn\metrics\_classification.py:1561: UserWarning: Note that pos_label (set to 'Riesgo') is ignored when average != 'binary' (got 'weighted'). You may use labels=[pos_label] to specify a single positive class.
  warnings.warn(

2026-05-10 19:59:30,777:WARNING:D:\GUARDAR\UNIVERSIDAD\3ºAño\Segundo cuatrimestre\Desarrollo con tecnologías emergentes\Laboratorio\TG3\.venv\Lib\site-packages\sklearn\metrics\_classification.py:1561: UserWarning: Note that pos_label (set to 'Riesgo') is ignored when average != 'binary' (got 'weighted'). You may use labels=[pos_label] to specify a single positive class.
  warnings.warn(

2026-05-10 19:59:30,777:WARNING:D:\GUARDAR\UNIVERSIDAD\3ºAño\Segundo cuatrimestre\Desarrollo con tecnologías emergentes\Laboratorio\TG3\.venv\Lib\site-packages\sklearn\metrics\_classification.py:1561: UserWarning: Note that pos_label (set to 'Riesgo') is ignored when average != 'binary' (got 'weighted'). You may use labels=[pos_label] to specify a single positive class.
  warnings.warn(

2026-05-10 19:59:30,778:WARNING:D:\GUARDAR\UNIVERSIDAD\3ºAño\Segundo cuatrimestre\Desarrollo con tecnologías emergentes\Laboratorio\TG3\.venv\Lib\site-packages\sklearn\metrics\_classification.py:1561: UserWarning: Note that pos_label (set to 'Riesgo') is ignored when average != 'binary' (got 'weighted'). You may use labels=[pos_label] to specify a single positive class.
  warnings.warn(

2026-05-10 19:59:30,780:WARNING:D:\GUARDAR\UNIVERSIDAD\3ºAño\Segundo cuatrimestre\Desarrollo con tecnologías emergentes\Laboratorio\TG3\.venv\Lib\site-packages\sklearn\metrics\_classification.py:1561: UserWarning: Note that pos_label (set to 'Riesgo') is ignored when average != 'binary' (got 'weighted'). You may use labels=[pos_label] to specify a single positive class.
  warnings.warn(

2026-05-10 19:59:30,780:WARNING:D:\GUARDAR\UNIVERSIDAD\3ºAño\Segundo cuatrimestre\Desarrollo con tecnologías emergentes\Laboratorio\TG3\.venv\Lib\site-packages\sklearn\metrics\_classification.py:1561: UserWarning: Note that pos_label (set to 'Riesgo') is ignored when average != 'binary' (got 'weighted'). You may use labels=[pos_label] to specify a single positive class.
  warnings.warn(

2026-05-10 19:59:30,781:WARNING:D:\GUARDAR\UNIVERSIDAD\3ºAño\Segundo cuatrimestre\Desarrollo con tecnologías emergentes\Laboratorio\TG3\.venv\Lib\site-packages\sklearn\metrics\_classification.py:1561: UserWarning: Note that pos_label (set to 'Riesgo') is ignored when average != 'binary' (got 'weighted'). You may use labels=[pos_label] to specify a single positive class.
  warnings.warn(

2026-05-10 19:59:30,782:WARNING:D:\GUARDAR\UNIVERSIDAD\3ºAño\Segundo cuatrimestre\Desarrollo con tecnologías emergentes\Laboratorio\TG3\.venv\Lib\site-packages\sklearn\metrics\_classification.py:1561: UserWarning: Note that pos_label (set to 'Riesgo') is ignored when average != 'binary' (got 'weighted'). You may use labels=[pos_label] to specify a single positive class.
  warnings.warn(

2026-05-10 19:59:30,782:WARNING:D:\GUARDAR\UNIVERSIDAD\3ºAño\Segundo cuatrimestre\Desarrollo con tecnologías emergentes\Laboratorio\TG3\.venv\Lib\site-packages\sklearn\metrics\_classification.py:1561: UserWarning: Note that pos_label (set to 'Riesgo') is ignored when average != 'binary' (got 'weighted'). You may use labels=[pos_label] to specify a single positive class.
  warnings.warn(

2026-05-10 19:59:30,782:WARNING:D:\GUARDAR\UNIVERSIDAD\3ºAño\Segundo cuatrimestre\Desarrollo con tecnologías emergentes\Laboratorio\TG3\.venv\Lib\site-packages\sklearn\metrics\_classification.py:1561: UserWarning: Note that pos_label (set to 'Riesgo') is ignored when average != 'binary' (got 'weighted'). You may use labels=[pos_label] to specify a single positive class.
  warnings.warn(

2026-05-10 19:59:30,782:WARNING:D:\GUARDAR\UNIVERSIDAD\3ºAño\Segundo cuatrimestre\Desarrollo con tecnologías emergentes\Laboratorio\TG3\.venv\Lib\site-packages\sklearn\metrics\_classification.py:1561: UserWarning: Note that pos_label (set to 'Riesgo') is ignored when average != 'binary' (got 'weighted'). You may use labels=[pos_label] to specify a single positive class.
  warnings.warn(

2026-05-10 19:59:30,782:WARNING:D:\GUARDAR\UNIVERSIDAD\3ºAño\Segundo cuatrimestre\Desarrollo con tecnologías emergentes\Laboratorio\TG3\.venv\Lib\site-packages\sklearn\metrics\_classification.py:1561: UserWarning: Note that pos_label (set to 'Riesgo') is ignored when average != 'binary' (got 'weighted'). You may use labels=[pos_label] to specify a single positive class.
  warnings.warn(

2026-05-10 19:59:30,784:WARNING:D:\GUARDAR\UNIVERSIDAD\3ºAño\Segundo cuatrimestre\Desarrollo con tecnologías emergentes\Laboratorio\TG3\.venv\Lib\site-packages\sklearn\metrics\_classification.py:1561: UserWarning: Note that pos_label (set to 'Riesgo') is ignored when average != 'binary' (got 'weighted'). You may use labels=[pos_label] to specify a single positive class.
  warnings.warn(

2026-05-10 19:59:30,784:WARNING:D:\GUARDAR\UNIVERSIDAD\3ºAño\Segundo cuatrimestre\Desarrollo con tecnologías emergentes\Laboratorio\TG3\.venv\Lib\site-packages\sklearn\metrics\_classification.py:1561: UserWarning: Note that pos_label (set to 'Riesgo') is ignored when average != 'binary' (got 'weighted'). You may use labels=[pos_label] to specify a single positive class.
  warnings.warn(

2026-05-10 19:59:30,785:WARNING:D:\GUARDAR\UNIVERSIDAD\3ºAño\Segundo cuatrimestre\Desarrollo con tecnologías emergentes\Laboratorio\TG3\.venv\Lib\site-packages\sklearn\metrics\_classification.py:1561: UserWarning: Note that pos_label (set to 'Riesgo') is ignored when average != 'binary' (got 'weighted'). You may use labels=[pos_label] to specify a single positive class.
  warnings.warn(

2026-05-10 19:59:30,786:WARNING:D:\GUARDAR\UNIVERSIDAD\3ºAño\Segundo cuatrimestre\Desarrollo con tecnologías emergentes\Laboratorio\TG3\.venv\Lib\site-packages\sklearn\metrics\_classification.py:1561: UserWarning: Note that pos_label (set to 'Riesgo') is ignored when average != 'binary' (got 'weighted'). You may use labels=[pos_label] to specify a single positive class.
  warnings.warn(

2026-05-10 19:59:30,786:WARNING:D:\GUARDAR\UNIVERSIDAD\3ºAño\Segundo cuatrimestre\Desarrollo con tecnologías emergentes\Laboratorio\TG3\.venv\Lib\site-packages\sklearn\metrics\_classification.py:1561: UserWarning: Note that pos_label (set to 'Riesgo') is ignored when average != 'binary' (got 'weighted'). You may use labels=[pos_label] to specify a single positive class.
  warnings.warn(

2026-05-10 19:59:30,788:WARNING:D:\GUARDAR\UNIVERSIDAD\3ºAño\Segundo cuatrimestre\Desarrollo con tecnologías emergentes\Laboratorio\TG3\.venv\Lib\site-packages\sklearn\metrics\_classification.py:1561: UserWarning: Note that pos_label (set to 'Riesgo') is ignored when average != 'binary' (got 'weighted'). You may use labels=[pos_label] to specify a single positive class.
  warnings.warn(

2026-05-10 19:59:30,790:WARNING:D:\GUARDAR\UNIVERSIDAD\3ºAño\Segundo cuatrimestre\Desarrollo con tecnologías emergentes\Laboratorio\TG3\.venv\Lib\site-packages\sklearn\metrics\_classification.py:1561: UserWarning: Note that pos_label (set to 'Riesgo') is ignored when average != 'binary' (got 'weighted'). You may use labels=[pos_label] to specify a single positive class.
  warnings.warn(

2026-05-10 19:59:30,791:WARNING:D:\GUARDAR\UNIVERSIDAD\3ºAño\Segundo cuatrimestre\Desarrollo con tecnologías emergentes\Laboratorio\TG3\.venv\Lib\site-packages\sklearn\metrics\_classification.py:1561: UserWarning: Note that pos_label (set to 'Riesgo') is ignored when average != 'binary' (got 'weighted'). You may use labels=[pos_label] to specify a single positive class.
  warnings.warn(

2026-05-10 19:59:30,791:WARNING:D:\GUARDAR\UNIVERSIDAD\3ºAño\Segundo cuatrimestre\Desarrollo con tecnologías emergentes\Laboratorio\TG3\.venv\Lib\site-packages\sklearn\metrics\_classification.py:1561: UserWarning: Note that pos_label (set to 'Riesgo') is ignored when average != 'binary' (got 'weighted'). You may use labels=[pos_label] to specify a single positive class.
  warnings.warn(

2026-05-10 19:59:30,791:WARNING:D:\GUARDAR\UNIVERSIDAD\3ºAño\Segundo cuatrimestre\Desarrollo con tecnologías emergentes\Laboratorio\TG3\.venv\Lib\site-packages\sklearn\metrics\_classification.py:1561: UserWarning: Note that pos_label (set to 'Riesgo') is ignored when average != 'binary' (got 'weighted'). You may use labels=[pos_label] to specify a single positive class.
  warnings.warn(

2026-05-10 19:59:30,791:WARNING:D:\GUARDAR\UNIVERSIDAD\3ºAño\Segundo cuatrimestre\Desarrollo con tecnologías emergentes\Laboratorio\TG3\.venv\Lib\site-packages\sklearn\metrics\_classification.py:1561: UserWarning: Note that pos_label (set to 'Riesgo') is ignored when average != 'binary' (got 'weighted'). You may use labels=[pos_label] to specify a single positive class.
  warnings.warn(

2026-05-10 19:59:30,794:WARNING:D:\GUARDAR\UNIVERSIDAD\3ºAño\Segundo cuatrimestre\Desarrollo con tecnologías emergentes\Laboratorio\TG3\.venv\Lib\site-packages\sklearn\metrics\_classification.py:1561: UserWarning: Note that pos_label (set to 'Riesgo') is ignored when average != 'binary' (got 'weighted'). You may use labels=[pos_label] to specify a single positive class.
  warnings.warn(

2026-05-10 19:59:30,796:WARNING:D:\GUARDAR\UNIVERSIDAD\3ºAño\Segundo cuatrimestre\Desarrollo con tecnologías emergentes\Laboratorio\TG3\.venv\Lib\site-packages\sklearn\metrics\_classification.py:1561: UserWarning: Note that pos_label (set to 'Riesgo') is ignored when average != 'binary' (got 'weighted'). You may use labels=[pos_label] to specify a single positive class.
  warnings.warn(

2026-05-10 19:59:30,796:WARNING:D:\GUARDAR\UNIVERSIDAD\3ºAño\Segundo cuatrimestre\Desarrollo con tecnologías emergentes\Laboratorio\TG3\.venv\Lib\site-packages\sklearn\metrics\_classification.py:1561: UserWarning: Note that pos_label (set to 'Riesgo') is ignored when average != 'binary' (got 'weighted'). You may use labels=[pos_label] to specify a single positive class.
  warnings.warn(

2026-05-10 19:59:30,799:WARNING:D:\GUARDAR\UNIVERSIDAD\3ºAño\Segundo cuatrimestre\Desarrollo con tecnologías emergentes\Laboratorio\TG3\.venv\Lib\site-packages\sklearn\metrics\_classification.py:1561: UserWarning: Note that pos_label (set to 'Riesgo') is ignored when average != 'binary' (got 'weighted'). You may use labels=[pos_label] to specify a single positive class.
  warnings.warn(

2026-05-10 19:59:30,806:INFO:Calculating mean and std
2026-05-10 19:59:30,806:INFO:Creating metrics dataframe
2026-05-10 19:59:30,808:INFO:Uploading results into container
2026-05-10 19:59:30,808:INFO:Uploading model into container now
2026-05-10 19:59:30,808:INFO:_master_model_container: 9
2026-05-10 19:59:30,808:INFO:_display_container: 2
2026-05-10 19:59:30,809:INFO:AdaBoostClassifier(algorithm='SAMME.R', estimator=None, learning_rate=1.0,
                   n_estimators=50, random_state=42)
2026-05-10 19:59:30,809:INFO:create_model() successfully completed......................................
2026-05-10 19:59:30,872:INFO:SubProcess create_model() end ==================================
2026-05-10 19:59:30,873:INFO:Creating metrics dataframe
2026-05-10 19:59:30,875:INFO:Initializing Gradient Boosting Classifier
2026-05-10 19:59:30,875:INFO:Total runtime is 0.1545583168665568 minutes
2026-05-10 19:59:30,875:INFO:SubProcess create_model() called ==================================
2026-05-10 19:59:30,875:INFO:Initializing create_model()
2026-05-10 19:59:30,875:INFO:create_model(self=<pycaret.classification.oop.ClassificationExperiment object at 0x0000024621E85DD0>, estimator=gbc, fold=StratifiedKFold(n_splits=10, random_state=None, shuffle=False), round=4, cross_validation=True, predict=True, fit_kwargs={}, groups=None, refit=False, probability_threshold=None, experiment_custom_tags=None, verbose=False, system=False, add_to_model_list=True, metrics=None, display=<pycaret.internal.display.display.CommonDisplay object at 0x0000024622127A90>, model_only=True, return_train_score=False, error_score=0.0, kwargs={})
2026-05-10 19:59:30,875:INFO:Checking exceptions
2026-05-10 19:59:30,875:INFO:Importing libraries
2026-05-10 19:59:30,875:INFO:Copying training dataset
2026-05-10 19:59:30,883:INFO:Defining folds
2026-05-10 19:59:30,883:INFO:Declaring metric variables
2026-05-10 19:59:30,883:INFO:Importing untrained model
2026-05-10 19:59:30,883:INFO:Gradient Boosting Classifier Imported successfully
2026-05-10 19:59:30,883:INFO:Starting cross validation
2026-05-10 19:59:30,884:INFO:Cross validating with StratifiedKFold(n_splits=10, random_state=None, shuffle=False), n_jobs=-1
2026-05-10 19:59:31,563:WARNING:D:\GUARDAR\UNIVERSIDAD\3ºAño\Segundo cuatrimestre\Desarrollo con tecnologías emergentes\Laboratorio\TG3\.venv\Lib\site-packages\sklearn\metrics\_classification.py:1561: UserWarning: Note that pos_label (set to 'Riesgo') is ignored when average != 'binary' (got 'weighted'). You may use labels=[pos_label] to specify a single positive class.
  warnings.warn(

2026-05-10 19:59:31,564:WARNING:D:\GUARDAR\UNIVERSIDAD\3ºAño\Segundo cuatrimestre\Desarrollo con tecnologías emergentes\Laboratorio\TG3\.venv\Lib\site-packages\sklearn\metrics\_classification.py:1561: UserWarning: Note that pos_label (set to 'Riesgo') is ignored when average != 'binary' (got 'weighted'). You may use labels=[pos_label] to specify a single positive class.
  warnings.warn(

2026-05-10 19:59:31,564:WARNING:D:\GUARDAR\UNIVERSIDAD\3ºAño\Segundo cuatrimestre\Desarrollo con tecnologías emergentes\Laboratorio\TG3\.venv\Lib\site-packages\sklearn\metrics\_classification.py:1561: UserWarning: Note that pos_label (set to 'Riesgo') is ignored when average != 'binary' (got 'weighted'). You may use labels=[pos_label] to specify a single positive class.
  warnings.warn(

2026-05-10 19:59:31,568:WARNING:D:\GUARDAR\UNIVERSIDAD\3ºAño\Segundo cuatrimestre\Desarrollo con tecnologías emergentes\Laboratorio\TG3\.venv\Lib\site-packages\sklearn\metrics\_classification.py:1561: UserWarning: Note that pos_label (set to 'Riesgo') is ignored when average != 'binary' (got 'weighted'). You may use labels=[pos_label] to specify a single positive class.
  warnings.warn(

2026-05-10 19:59:31,568:WARNING:D:\GUARDAR\UNIVERSIDAD\3ºAño\Segundo cuatrimestre\Desarrollo con tecnologías emergentes\Laboratorio\TG3\.venv\Lib\site-packages\sklearn\metrics\_classification.py:1561: UserWarning: Note that pos_label (set to 'Riesgo') is ignored when average != 'binary' (got 'weighted'). You may use labels=[pos_label] to specify a single positive class.
  warnings.warn(

2026-05-10 19:59:31,571:WARNING:D:\GUARDAR\UNIVERSIDAD\3ºAño\Segundo cuatrimestre\Desarrollo con tecnologías emergentes\Laboratorio\TG3\.venv\Lib\site-packages\sklearn\metrics\_classification.py:1561: UserWarning: Note that pos_label (set to 'Riesgo') is ignored when average != 'binary' (got 'weighted'). You may use labels=[pos_label] to specify a single positive class.
  warnings.warn(

2026-05-10 19:59:31,571:WARNING:D:\GUARDAR\UNIVERSIDAD\3ºAño\Segundo cuatrimestre\Desarrollo con tecnologías emergentes\Laboratorio\TG3\.venv\Lib\site-packages\sklearn\metrics\_classification.py:1561: UserWarning: Note that pos_label (set to 'Riesgo') is ignored when average != 'binary' (got 'weighted'). You may use labels=[pos_label] to specify a single positive class.
  warnings.warn(

2026-05-10 19:59:31,572:WARNING:D:\GUARDAR\UNIVERSIDAD\3ºAño\Segundo cuatrimestre\Desarrollo con tecnologías emergentes\Laboratorio\TG3\.venv\Lib\site-packages\sklearn\metrics\_classification.py:1561: UserWarning: Note that pos_label (set to 'Riesgo') is ignored when average != 'binary' (got 'weighted'). You may use labels=[pos_label] to specify a single positive class.
  warnings.warn(

2026-05-10 19:59:31,574:WARNING:D:\GUARDAR\UNIVERSIDAD\3ºAño\Segundo cuatrimestre\Desarrollo con tecnologías emergentes\Laboratorio\TG3\.venv\Lib\site-packages\sklearn\metrics\_classification.py:1561: UserWarning: Note that pos_label (set to 'Riesgo') is ignored when average != 'binary' (got 'weighted'). You may use labels=[pos_label] to specify a single positive class.
  warnings.warn(

2026-05-10 19:59:31,574:WARNING:D:\GUARDAR\UNIVERSIDAD\3ºAño\Segundo cuatrimestre\Desarrollo con tecnologías emergentes\Laboratorio\TG3\.venv\Lib\site-packages\sklearn\metrics\_classification.py:1561: UserWarning: Note that pos_label (set to 'Riesgo') is ignored when average != 'binary' (got 'weighted'). You may use labels=[pos_label] to specify a single positive class.
  warnings.warn(

2026-05-10 19:59:31,576:WARNING:D:\GUARDAR\UNIVERSIDAD\3ºAño\Segundo cuatrimestre\Desarrollo con tecnologías emergentes\Laboratorio\TG3\.venv\Lib\site-packages\sklearn\metrics\_classification.py:1561: UserWarning: Note that pos_label (set to 'Riesgo') is ignored when average != 'binary' (got 'weighted'). You may use labels=[pos_label] to specify a single positive class.
  warnings.warn(

2026-05-10 19:59:31,576:WARNING:D:\GUARDAR\UNIVERSIDAD\3ºAño\Segundo cuatrimestre\Desarrollo con tecnologías emergentes\Laboratorio\TG3\.venv\Lib\site-packages\sklearn\metrics\_classification.py:1561: UserWarning: Note that pos_label (set to 'Riesgo') is ignored when average != 'binary' (got 'weighted'). You may use labels=[pos_label] to specify a single positive class.
  warnings.warn(

2026-05-10 19:59:31,577:WARNING:D:\GUARDAR\UNIVERSIDAD\3ºAño\Segundo cuatrimestre\Desarrollo con tecnologías emergentes\Laboratorio\TG3\.venv\Lib\site-packages\sklearn\metrics\_classification.py:1561: UserWarning: Note that pos_label (set to 'Riesgo') is ignored when average != 'binary' (got 'weighted'). You may use labels=[pos_label] to specify a single positive class.
  warnings.warn(

2026-05-10 19:59:31,578:WARNING:D:\GUARDAR\UNIVERSIDAD\3ºAño\Segundo cuatrimestre\Desarrollo con tecnologías emergentes\Laboratorio\TG3\.venv\Lib\site-packages\sklearn\metrics\_classification.py:1561: UserWarning: Note that pos_label (set to 'Riesgo') is ignored when average != 'binary' (got 'weighted'). You may use labels=[pos_label] to specify a single positive class.
  warnings.warn(

2026-05-10 19:59:31,578:WARNING:D:\GUARDAR\UNIVERSIDAD\3ºAño\Segundo cuatrimestre\Desarrollo con tecnologías emergentes\Laboratorio\TG3\.venv\Lib\site-packages\sklearn\metrics\_classification.py:1561: UserWarning: Note that pos_label (set to 'Riesgo') is ignored when average != 'binary' (got 'weighted'). You may use labels=[pos_label] to specify a single positive class.
  warnings.warn(

2026-05-10 19:59:31,579:WARNING:D:\GUARDAR\UNIVERSIDAD\3ºAño\Segundo cuatrimestre\Desarrollo con tecnologías emergentes\Laboratorio\TG3\.venv\Lib\site-packages\sklearn\metrics\_classification.py:1561: UserWarning: Note that pos_label (set to 'Riesgo') is ignored when average != 'binary' (got 'weighted'). You may use labels=[pos_label] to specify a single positive class.
  warnings.warn(

2026-05-10 19:59:31,579:WARNING:D:\GUARDAR\UNIVERSIDAD\3ºAño\Segundo cuatrimestre\Desarrollo con tecnologías emergentes\Laboratorio\TG3\.venv\Lib\site-packages\sklearn\metrics\_classification.py:1561: UserWarning: Note that pos_label (set to 'Riesgo') is ignored when average != 'binary' (got 'weighted'). You may use labels=[pos_label] to specify a single positive class.
  warnings.warn(

2026-05-10 19:59:31,579:WARNING:D:\GUARDAR\UNIVERSIDAD\3ºAño\Segundo cuatrimestre\Desarrollo con tecnologías emergentes\Laboratorio\TG3\.venv\Lib\site-packages\sklearn\metrics\_classification.py:1561: UserWarning: Note that pos_label (set to 'Riesgo') is ignored when average != 'binary' (got 'weighted'). You may use labels=[pos_label] to specify a single positive class.
  warnings.warn(

2026-05-10 19:59:31,580:WARNING:D:\GUARDAR\UNIVERSIDAD\3ºAño\Segundo cuatrimestre\Desarrollo con tecnologías emergentes\Laboratorio\TG3\.venv\Lib\site-packages\sklearn\metrics\_classification.py:1561: UserWarning: Note that pos_label (set to 'Riesgo') is ignored when average != 'binary' (got 'weighted'). You may use labels=[pos_label] to specify a single positive class.
  warnings.warn(

2026-05-10 19:59:31,581:WARNING:D:\GUARDAR\UNIVERSIDAD\3ºAño\Segundo cuatrimestre\Desarrollo con tecnologías emergentes\Laboratorio\TG3\.venv\Lib\site-packages\sklearn\metrics\_classification.py:1561: UserWarning: Note that pos_label (set to 'Riesgo') is ignored when average != 'binary' (got 'weighted'). You may use labels=[pos_label] to specify a single positive class.
  warnings.warn(

2026-05-10 19:59:31,581:WARNING:D:\GUARDAR\UNIVERSIDAD\3ºAño\Segundo cuatrimestre\Desarrollo con tecnologías emergentes\Laboratorio\TG3\.venv\Lib\site-packages\sklearn\metrics\_classification.py:1561: UserWarning: Note that pos_label (set to 'Riesgo') is ignored when average != 'binary' (got 'weighted'). You may use labels=[pos_label] to specify a single positive class.
  warnings.warn(

2026-05-10 19:59:31,581:WARNING:D:\GUARDAR\UNIVERSIDAD\3ºAño\Segundo cuatrimestre\Desarrollo con tecnologías emergentes\Laboratorio\TG3\.venv\Lib\site-packages\sklearn\metrics\_classification.py:1561: UserWarning: Note that pos_label (set to 'Riesgo') is ignored when average != 'binary' (got 'weighted'). You may use labels=[pos_label] to specify a single positive class.
  warnings.warn(

2026-05-10 19:59:31,582:WARNING:D:\GUARDAR\UNIVERSIDAD\3ºAño\Segundo cuatrimestre\Desarrollo con tecnologías emergentes\Laboratorio\TG3\.venv\Lib\site-packages\sklearn\metrics\_classification.py:1561: UserWarning: Note that pos_label (set to 'Riesgo') is ignored when average != 'binary' (got 'weighted'). You may use labels=[pos_label] to specify a single positive class.
  warnings.warn(

2026-05-10 19:59:31,582:WARNING:D:\GUARDAR\UNIVERSIDAD\3ºAño\Segundo cuatrimestre\Desarrollo con tecnologías emergentes\Laboratorio\TG3\.venv\Lib\site-packages\sklearn\metrics\_classification.py:1561: UserWarning: Note that pos_label (set to 'Riesgo') is ignored when average != 'binary' (got 'weighted'). You may use labels=[pos_label] to specify a single positive class.
  warnings.warn(

2026-05-10 19:59:31,583:WARNING:D:\GUARDAR\UNIVERSIDAD\3ºAño\Segundo cuatrimestre\Desarrollo con tecnologías emergentes\Laboratorio\TG3\.venv\Lib\site-packages\sklearn\metrics\_classification.py:1561: UserWarning: Note that pos_label (set to 'Riesgo') is ignored when average != 'binary' (got 'weighted'). You may use labels=[pos_label] to specify a single positive class.
  warnings.warn(

2026-05-10 19:59:31,584:WARNING:D:\GUARDAR\UNIVERSIDAD\3ºAño\Segundo cuatrimestre\Desarrollo con tecnologías emergentes\Laboratorio\TG3\.venv\Lib\site-packages\sklearn\metrics\_classification.py:1561: UserWarning: Note that pos_label (set to 'Riesgo') is ignored when average != 'binary' (got 'weighted'). You may use labels=[pos_label] to specify a single positive class.
  warnings.warn(

2026-05-10 19:59:31,584:WARNING:D:\GUARDAR\UNIVERSIDAD\3ºAño\Segundo cuatrimestre\Desarrollo con tecnologías emergentes\Laboratorio\TG3\.venv\Lib\site-packages\sklearn\metrics\_classification.py:1561: UserWarning: Note that pos_label (set to 'Riesgo') is ignored when average != 'binary' (got 'weighted'). You may use labels=[pos_label] to specify a single positive class.
  warnings.warn(

2026-05-10 19:59:31,586:WARNING:D:\GUARDAR\UNIVERSIDAD\3ºAño\Segundo cuatrimestre\Desarrollo con tecnologías emergentes\Laboratorio\TG3\.venv\Lib\site-packages\sklearn\metrics\_classification.py:1561: UserWarning: Note that pos_label (set to 'Riesgo') is ignored when average != 'binary' (got 'weighted'). You may use labels=[pos_label] to specify a single positive class.
  warnings.warn(

2026-05-10 19:59:31,588:WARNING:D:\GUARDAR\UNIVERSIDAD\3ºAño\Segundo cuatrimestre\Desarrollo con tecnologías emergentes\Laboratorio\TG3\.venv\Lib\site-packages\sklearn\metrics\_classification.py:1561: UserWarning: Note that pos_label (set to 'Riesgo') is ignored when average != 'binary' (got 'weighted'). You may use labels=[pos_label] to specify a single positive class.
  warnings.warn(

2026-05-10 19:59:31,600:INFO:Calculating mean and std
2026-05-10 19:59:31,600:INFO:Creating metrics dataframe
2026-05-10 19:59:31,602:INFO:Uploading results into container
2026-05-10 19:59:31,602:INFO:Uploading model into container now
2026-05-10 19:59:31,602:INFO:_master_model_container: 10
2026-05-10 19:59:31,603:INFO:_display_container: 2
2026-05-10 19:59:31,603:INFO:GradientBoostingClassifier(ccp_alpha=0.0, criterion='friedman_mse', init=None,
                           learning_rate=0.1, loss='log_loss', max_depth=3,
                           max_features=None, max_leaf_nodes=None,
                           min_impurity_decrease=0.0, min_samples_leaf=1,
                           min_samples_split=2, min_weight_fraction_leaf=0.0,
                           n_estimators=100, n_iter_no_change=None,
                           random_state=42, subsample=1.0, tol=0.0001,
                           validation_fraction=0.1, verbose=0,
                           warm_start=False)
2026-05-10 19:59:31,603:INFO:create_model() successfully completed......................................
2026-05-10 19:59:31,670:INFO:SubProcess create_model() end ==================================
2026-05-10 19:59:31,670:INFO:Creating metrics dataframe
2026-05-10 19:59:31,672:INFO:Initializing Linear Discriminant Analysis
2026-05-10 19:59:31,672:INFO:Total runtime is 0.16783285538355508 minutes
2026-05-10 19:59:31,672:INFO:SubProcess create_model() called ==================================
2026-05-10 19:59:31,672:INFO:Initializing create_model()
2026-05-10 19:59:31,672:INFO:create_model(self=<pycaret.classification.oop.ClassificationExperiment object at 0x0000024621E85DD0>, estimator=lda, fold=StratifiedKFold(n_splits=10, random_state=None, shuffle=False), round=4, cross_validation=True, predict=True, fit_kwargs={}, groups=None, refit=False, probability_threshold=None, experiment_custom_tags=None, verbose=False, system=False, add_to_model_list=True, metrics=None, display=<pycaret.internal.display.display.CommonDisplay object at 0x0000024622127A90>, model_only=True, return_train_score=False, error_score=0.0, kwargs={})
2026-05-10 19:59:31,672:INFO:Checking exceptions
2026-05-10 19:59:31,672:INFO:Importing libraries
2026-05-10 19:59:31,672:INFO:Copying training dataset
2026-05-10 19:59:31,679:INFO:Defining folds
2026-05-10 19:59:31,679:INFO:Declaring metric variables
2026-05-10 19:59:31,679:INFO:Importing untrained model
2026-05-10 19:59:31,679:INFO:Linear Discriminant Analysis Imported successfully
2026-05-10 19:59:31,680:INFO:Starting cross validation
2026-05-10 19:59:31,680:INFO:Cross validating with StratifiedKFold(n_splits=10, random_state=None, shuffle=False), n_jobs=-1
2026-05-10 19:59:31,739:WARNING:D:\GUARDAR\UNIVERSIDAD\3ºAño\Segundo cuatrimestre\Desarrollo con tecnologías emergentes\Laboratorio\TG3\.venv\Lib\site-packages\sklearn\metrics\_classification.py:1561: UserWarning: Note that pos_label (set to 'Riesgo') is ignored when average != 'binary' (got 'weighted'). You may use labels=[pos_label] to specify a single positive class.
  warnings.warn(

2026-05-10 19:59:31,739:WARNING:D:\GUARDAR\UNIVERSIDAD\3ºAño\Segundo cuatrimestre\Desarrollo con tecnologías emergentes\Laboratorio\TG3\.venv\Lib\site-packages\sklearn\metrics\_classification.py:1561: UserWarning: Note that pos_label (set to 'Riesgo') is ignored when average != 'binary' (got 'weighted'). You may use labels=[pos_label] to specify a single positive class.
  warnings.warn(

2026-05-10 19:59:31,740:WARNING:D:\GUARDAR\UNIVERSIDAD\3ºAño\Segundo cuatrimestre\Desarrollo con tecnologías emergentes\Laboratorio\TG3\.venv\Lib\site-packages\sklearn\metrics\_classification.py:1561: UserWarning: Note that pos_label (set to 'Riesgo') is ignored when average != 'binary' (got 'weighted'). You may use labels=[pos_label] to specify a single positive class.
  warnings.warn(

2026-05-10 19:59:31,742:WARNING:D:\GUARDAR\UNIVERSIDAD\3ºAño\Segundo cuatrimestre\Desarrollo con tecnologías emergentes\Laboratorio\TG3\.venv\Lib\site-packages\sklearn\metrics\_classification.py:1561: UserWarning: Note that pos_label (set to 'Riesgo') is ignored when average != 'binary' (got 'weighted'). You may use labels=[pos_label] to specify a single positive class.
  warnings.warn(

2026-05-10 19:59:31,744:WARNING:D:\GUARDAR\UNIVERSIDAD\3ºAño\Segundo cuatrimestre\Desarrollo con tecnologías emergentes\Laboratorio\TG3\.venv\Lib\site-packages\sklearn\metrics\_classification.py:1561: UserWarning: Note that pos_label (set to 'Riesgo') is ignored when average != 'binary' (got 'weighted'). You may use labels=[pos_label] to specify a single positive class.
  warnings.warn(

2026-05-10 19:59:31,744:WARNING:D:\GUARDAR\UNIVERSIDAD\3ºAño\Segundo cuatrimestre\Desarrollo con tecnologías emergentes\Laboratorio\TG3\.venv\Lib\site-packages\sklearn\metrics\_classification.py:1561: UserWarning: Note that pos_label (set to 'Riesgo') is ignored when average != 'binary' (got 'weighted'). You may use labels=[pos_label] to specify a single positive class.
  warnings.warn(

2026-05-10 19:59:31,746:WARNING:D:\GUARDAR\UNIVERSIDAD\3ºAño\Segundo cuatrimestre\Desarrollo con tecnologías emergentes\Laboratorio\TG3\.venv\Lib\site-packages\sklearn\metrics\_classification.py:1561: UserWarning: Note that pos_label (set to 'Riesgo') is ignored when average != 'binary' (got 'weighted'). You may use labels=[pos_label] to specify a single positive class.
  warnings.warn(

2026-05-10 19:59:31,746:WARNING:D:\GUARDAR\UNIVERSIDAD\3ºAño\Segundo cuatrimestre\Desarrollo con tecnologías emergentes\Laboratorio\TG3\.venv\Lib\site-packages\sklearn\metrics\_classification.py:1561: UserWarning: Note that pos_label (set to 'Riesgo') is ignored when average != 'binary' (got 'weighted'). You may use labels=[pos_label] to specify a single positive class.
  warnings.warn(

2026-05-10 19:59:31,746:WARNING:D:\GUARDAR\UNIVERSIDAD\3ºAño\Segundo cuatrimestre\Desarrollo con tecnologías emergentes\Laboratorio\TG3\.venv\Lib\site-packages\sklearn\metrics\_classification.py:1561: UserWarning: Note that pos_label (set to 'Riesgo') is ignored when average != 'binary' (got 'weighted'). You may use labels=[pos_label] to specify a single positive class.
  warnings.warn(

2026-05-10 19:59:31,748:WARNING:D:\GUARDAR\UNIVERSIDAD\3ºAño\Segundo cuatrimestre\Desarrollo con tecnologías emergentes\Laboratorio\TG3\.venv\Lib\site-packages\sklearn\metrics\_classification.py:1561: UserWarning: Note that pos_label (set to 'Riesgo') is ignored when average != 'binary' (got 'weighted'). You may use labels=[pos_label] to specify a single positive class.
  warnings.warn(

2026-05-10 19:59:31,748:WARNING:D:\GUARDAR\UNIVERSIDAD\3ºAño\Segundo cuatrimestre\Desarrollo con tecnologías emergentes\Laboratorio\TG3\.venv\Lib\site-packages\sklearn\metrics\_classification.py:1561: UserWarning: Note that pos_label (set to 'Riesgo') is ignored when average != 'binary' (got 'weighted'). You may use labels=[pos_label] to specify a single positive class.
  warnings.warn(

2026-05-10 19:59:31,748:WARNING:D:\GUARDAR\UNIVERSIDAD\3ºAño\Segundo cuatrimestre\Desarrollo con tecnologías emergentes\Laboratorio\TG3\.venv\Lib\site-packages\sklearn\metrics\_classification.py:1561: UserWarning: Note that pos_label (set to 'Riesgo') is ignored when average != 'binary' (got 'weighted'). You may use labels=[pos_label] to specify a single positive class.
  warnings.warn(

2026-05-10 19:59:31,748:WARNING:D:\GUARDAR\UNIVERSIDAD\3ºAño\Segundo cuatrimestre\Desarrollo con tecnologías emergentes\Laboratorio\TG3\.venv\Lib\site-packages\sklearn\metrics\_classification.py:1561: UserWarning: Note that pos_label (set to 'Riesgo') is ignored when average != 'binary' (got 'weighted'). You may use labels=[pos_label] to specify a single positive class.
  warnings.warn(

2026-05-10 19:59:31,749:WARNING:D:\GUARDAR\UNIVERSIDAD\3ºAño\Segundo cuatrimestre\Desarrollo con tecnologías emergentes\Laboratorio\TG3\.venv\Lib\site-packages\sklearn\metrics\_classification.py:1561: UserWarning: Note that pos_label (set to 'Riesgo') is ignored when average != 'binary' (got 'weighted'). You may use labels=[pos_label] to specify a single positive class.
  warnings.warn(

2026-05-10 19:59:31,750:WARNING:D:\GUARDAR\UNIVERSIDAD\3ºAño\Segundo cuatrimestre\Desarrollo con tecnologías emergentes\Laboratorio\TG3\.venv\Lib\site-packages\sklearn\metrics\_classification.py:1561: UserWarning: Note that pos_label (set to 'Riesgo') is ignored when average != 'binary' (got 'weighted'). You may use labels=[pos_label] to specify a single positive class.
  warnings.warn(

2026-05-10 19:59:31,750:WARNING:D:\GUARDAR\UNIVERSIDAD\3ºAño\Segundo cuatrimestre\Desarrollo con tecnologías emergentes\Laboratorio\TG3\.venv\Lib\site-packages\sklearn\metrics\_classification.py:1561: UserWarning: Note that pos_label (set to 'Riesgo') is ignored when average != 'binary' (got 'weighted'). You may use labels=[pos_label] to specify a single positive class.
  warnings.warn(

2026-05-10 19:59:31,751:WARNING:D:\GUARDAR\UNIVERSIDAD\3ºAño\Segundo cuatrimestre\Desarrollo con tecnologías emergentes\Laboratorio\TG3\.venv\Lib\site-packages\sklearn\metrics\_classification.py:1561: UserWarning: Note that pos_label (set to 'Riesgo') is ignored when average != 'binary' (got 'weighted'). You may use labels=[pos_label] to specify a single positive class.
  warnings.warn(

2026-05-10 19:59:31,751:WARNING:D:\GUARDAR\UNIVERSIDAD\3ºAño\Segundo cuatrimestre\Desarrollo con tecnologías emergentes\Laboratorio\TG3\.venv\Lib\site-packages\sklearn\metrics\_classification.py:1561: UserWarning: Note that pos_label (set to 'Riesgo') is ignored when average != 'binary' (got 'weighted'). You may use labels=[pos_label] to specify a single positive class.
  warnings.warn(

2026-05-10 19:59:31,752:WARNING:D:\GUARDAR\UNIVERSIDAD\3ºAño\Segundo cuatrimestre\Desarrollo con tecnologías emergentes\Laboratorio\TG3\.venv\Lib\site-packages\sklearn\metrics\_classification.py:1561: UserWarning: Note that pos_label (set to 'Riesgo') is ignored when average != 'binary' (got 'weighted'). You may use labels=[pos_label] to specify a single positive class.
  warnings.warn(

2026-05-10 19:59:31,754:WARNING:D:\GUARDAR\UNIVERSIDAD\3ºAño\Segundo cuatrimestre\Desarrollo con tecnologías emergentes\Laboratorio\TG3\.venv\Lib\site-packages\sklearn\metrics\_classification.py:1561: UserWarning: Note that pos_label (set to 'Riesgo') is ignored when average != 'binary' (got 'weighted'). You may use labels=[pos_label] to specify a single positive class.
  warnings.warn(

2026-05-10 19:59:31,754:WARNING:D:\GUARDAR\UNIVERSIDAD\3ºAño\Segundo cuatrimestre\Desarrollo con tecnologías emergentes\Laboratorio\TG3\.venv\Lib\site-packages\sklearn\metrics\_classification.py:1561: UserWarning: Note that pos_label (set to 'Riesgo') is ignored when average != 'binary' (got 'weighted'). You may use labels=[pos_label] to specify a single positive class.
  warnings.warn(

2026-05-10 19:59:31,754:WARNING:D:\GUARDAR\UNIVERSIDAD\3ºAño\Segundo cuatrimestre\Desarrollo con tecnologías emergentes\Laboratorio\TG3\.venv\Lib\site-packages\sklearn\metrics\_classification.py:1561: UserWarning: Note that pos_label (set to 'Riesgo') is ignored when average != 'binary' (got 'weighted'). You may use labels=[pos_label] to specify a single positive class.
  warnings.warn(

2026-05-10 19:59:31,755:WARNING:D:\GUARDAR\UNIVERSIDAD\3ºAño\Segundo cuatrimestre\Desarrollo con tecnologías emergentes\Laboratorio\TG3\.venv\Lib\site-packages\sklearn\metrics\_classification.py:1561: UserWarning: Note that pos_label (set to 'Riesgo') is ignored when average != 'binary' (got 'weighted'). You may use labels=[pos_label] to specify a single positive class.
  warnings.warn(

2026-05-10 19:59:31,755:WARNING:D:\GUARDAR\UNIVERSIDAD\3ºAño\Segundo cuatrimestre\Desarrollo con tecnologías emergentes\Laboratorio\TG3\.venv\Lib\site-packages\sklearn\metrics\_classification.py:1561: UserWarning: Note that pos_label (set to 'Riesgo') is ignored when average != 'binary' (got 'weighted'). You may use labels=[pos_label] to specify a single positive class.
  warnings.warn(

2026-05-10 19:59:31,755:WARNING:D:\GUARDAR\UNIVERSIDAD\3ºAño\Segundo cuatrimestre\Desarrollo con tecnologías emergentes\Laboratorio\TG3\.venv\Lib\site-packages\sklearn\metrics\_classification.py:1561: UserWarning: Note that pos_label (set to 'Riesgo') is ignored when average != 'binary' (got 'weighted'). You may use labels=[pos_label] to specify a single positive class.
  warnings.warn(

2026-05-10 19:59:31,756:WARNING:D:\GUARDAR\UNIVERSIDAD\3ºAño\Segundo cuatrimestre\Desarrollo con tecnologías emergentes\Laboratorio\TG3\.venv\Lib\site-packages\sklearn\metrics\_classification.py:1561: UserWarning: Note that pos_label (set to 'Riesgo') is ignored when average != 'binary' (got 'weighted'). You may use labels=[pos_label] to specify a single positive class.
  warnings.warn(

2026-05-10 19:59:31,758:WARNING:D:\GUARDAR\UNIVERSIDAD\3ºAño\Segundo cuatrimestre\Desarrollo con tecnologías emergentes\Laboratorio\TG3\.venv\Lib\site-packages\sklearn\metrics\_classification.py:1561: UserWarning: Note that pos_label (set to 'Riesgo') is ignored when average != 'binary' (got 'weighted'). You may use labels=[pos_label] to specify a single positive class.
  warnings.warn(

2026-05-10 19:59:31,759:WARNING:D:\GUARDAR\UNIVERSIDAD\3ºAño\Segundo cuatrimestre\Desarrollo con tecnologías emergentes\Laboratorio\TG3\.venv\Lib\site-packages\sklearn\metrics\_classification.py:1561: UserWarning: Note that pos_label (set to 'Riesgo') is ignored when average != 'binary' (got 'weighted'). You may use labels=[pos_label] to specify a single positive class.
  warnings.warn(

2026-05-10 19:59:31,765:INFO:Calculating mean and std
2026-05-10 19:59:31,765:INFO:Creating metrics dataframe
2026-05-10 19:59:31,767:INFO:Uploading results into container
2026-05-10 19:59:31,767:INFO:Uploading model into container now
2026-05-10 19:59:31,767:INFO:_master_model_container: 11
2026-05-10 19:59:31,767:INFO:_display_container: 2
2026-05-10 19:59:31,768:INFO:LinearDiscriminantAnalysis(covariance_estimator=None, n_components=None,
                           priors=None, shrinkage=None, solver='svd',
                           store_covariance=False, tol=0.0001)
2026-05-10 19:59:31,768:INFO:create_model() successfully completed......................................
2026-05-10 19:59:31,828:INFO:SubProcess create_model() end ==================================
2026-05-10 19:59:31,828:INFO:Creating metrics dataframe
2026-05-10 19:59:31,830:INFO:Initializing Extra Trees Classifier
2026-05-10 19:59:31,830:INFO:Total runtime is 0.17046616077423093 minutes
2026-05-10 19:59:31,830:INFO:SubProcess create_model() called ==================================
2026-05-10 19:59:31,830:INFO:Initializing create_model()
2026-05-10 19:59:31,830:INFO:create_model(self=<pycaret.classification.oop.ClassificationExperiment object at 0x0000024621E85DD0>, estimator=et, fold=StratifiedKFold(n_splits=10, random_state=None, shuffle=False), round=4, cross_validation=True, predict=True, fit_kwargs={}, groups=None, refit=False, probability_threshold=None, experiment_custom_tags=None, verbose=False, system=False, add_to_model_list=True, metrics=None, display=<pycaret.internal.display.display.CommonDisplay object at 0x0000024622127A90>, model_only=True, return_train_score=False, error_score=0.0, kwargs={})
2026-05-10 19:59:31,830:INFO:Checking exceptions
2026-05-10 19:59:31,830:INFO:Importing libraries
2026-05-10 19:59:31,830:INFO:Copying training dataset
2026-05-10 19:59:31,837:INFO:Defining folds
2026-05-10 19:59:31,837:INFO:Declaring metric variables
2026-05-10 19:59:31,837:INFO:Importing untrained model
2026-05-10 19:59:31,838:INFO:Extra Trees Classifier Imported successfully
2026-05-10 19:59:31,838:INFO:Starting cross validation
2026-05-10 19:59:31,838:INFO:Cross validating with StratifiedKFold(n_splits=10, random_state=None, shuffle=False), n_jobs=-1
2026-05-10 19:59:32,228:WARNING:D:\GUARDAR\UNIVERSIDAD\3ºAño\Segundo cuatrimestre\Desarrollo con tecnologías emergentes\Laboratorio\TG3\.venv\Lib\site-packages\sklearn\metrics\_classification.py:1561: UserWarning: Note that pos_label (set to 'Riesgo') is ignored when average != 'binary' (got 'weighted'). You may use labels=[pos_label] to specify a single positive class.
  warnings.warn(

2026-05-10 19:59:32,228:WARNING:D:\GUARDAR\UNIVERSIDAD\3ºAño\Segundo cuatrimestre\Desarrollo con tecnologías emergentes\Laboratorio\TG3\.venv\Lib\site-packages\sklearn\metrics\_classification.py:1561: UserWarning: Note that pos_label (set to 'Riesgo') is ignored when average != 'binary' (got 'weighted'). You may use labels=[pos_label] to specify a single positive class.
  warnings.warn(

2026-05-10 19:59:32,229:WARNING:D:\GUARDAR\UNIVERSIDAD\3ºAño\Segundo cuatrimestre\Desarrollo con tecnologías emergentes\Laboratorio\TG3\.venv\Lib\site-packages\sklearn\metrics\_classification.py:1561: UserWarning: Note that pos_label (set to 'Riesgo') is ignored when average != 'binary' (got 'weighted'). You may use labels=[pos_label] to specify a single positive class.
  warnings.warn(

2026-05-10 19:59:32,233:WARNING:D:\GUARDAR\UNIVERSIDAD\3ºAño\Segundo cuatrimestre\Desarrollo con tecnologías emergentes\Laboratorio\TG3\.venv\Lib\site-packages\sklearn\metrics\_classification.py:1561: UserWarning: Note that pos_label (set to 'Riesgo') is ignored when average != 'binary' (got 'weighted'). You may use labels=[pos_label] to specify a single positive class.
  warnings.warn(

2026-05-10 19:59:32,233:WARNING:D:\GUARDAR\UNIVERSIDAD\3ºAño\Segundo cuatrimestre\Desarrollo con tecnologías emergentes\Laboratorio\TG3\.venv\Lib\site-packages\sklearn\metrics\_classification.py:1561: UserWarning: Note that pos_label (set to 'Riesgo') is ignored when average != 'binary' (got 'weighted'). You may use labels=[pos_label] to specify a single positive class.
  warnings.warn(

2026-05-10 19:59:32,234:WARNING:D:\GUARDAR\UNIVERSIDAD\3ºAño\Segundo cuatrimestre\Desarrollo con tecnologías emergentes\Laboratorio\TG3\.venv\Lib\site-packages\sklearn\metrics\_classification.py:1561: UserWarning: Note that pos_label (set to 'Riesgo') is ignored when average != 'binary' (got 'weighted'). You may use labels=[pos_label] to specify a single positive class.
  warnings.warn(

2026-05-10 19:59:32,238:WARNING:D:\GUARDAR\UNIVERSIDAD\3ºAño\Segundo cuatrimestre\Desarrollo con tecnologías emergentes\Laboratorio\TG3\.venv\Lib\site-packages\sklearn\metrics\_classification.py:1561: UserWarning: Note that pos_label (set to 'Riesgo') is ignored when average != 'binary' (got 'weighted'). You may use labels=[pos_label] to specify a single positive class.
  warnings.warn(

2026-05-10 19:59:32,238:WARNING:D:\GUARDAR\UNIVERSIDAD\3ºAño\Segundo cuatrimestre\Desarrollo con tecnologías emergentes\Laboratorio\TG3\.venv\Lib\site-packages\sklearn\metrics\_classification.py:1561: UserWarning: Note that pos_label (set to 'Riesgo') is ignored when average != 'binary' (got 'weighted'). You may use labels=[pos_label] to specify a single positive class.
  warnings.warn(

2026-05-10 19:59:32,238:WARNING:D:\GUARDAR\UNIVERSIDAD\3ºAño\Segundo cuatrimestre\Desarrollo con tecnologías emergentes\Laboratorio\TG3\.venv\Lib\site-packages\sklearn\metrics\_classification.py:1561: UserWarning: Note that pos_label (set to 'Riesgo') is ignored when average != 'binary' (got 'weighted'). You may use labels=[pos_label] to specify a single positive class.
  warnings.warn(

2026-05-10 19:59:32,243:WARNING:D:\GUARDAR\UNIVERSIDAD\3ºAño\Segundo cuatrimestre\Desarrollo con tecnologías emergentes\Laboratorio\TG3\.venv\Lib\site-packages\sklearn\metrics\_classification.py:1561: UserWarning: Note that pos_label (set to 'Riesgo') is ignored when average != 'binary' (got 'weighted'). You may use labels=[pos_label] to specify a single positive class.
  warnings.warn(

2026-05-10 19:59:32,249:WARNING:D:\GUARDAR\UNIVERSIDAD\3ºAño\Segundo cuatrimestre\Desarrollo con tecnologías emergentes\Laboratorio\TG3\.venv\Lib\site-packages\sklearn\metrics\_classification.py:1561: UserWarning: Note that pos_label (set to 'Riesgo') is ignored when average != 'binary' (got 'weighted'). You may use labels=[pos_label] to specify a single positive class.
  warnings.warn(

2026-05-10 19:59:32,253:WARNING:D:\GUARDAR\UNIVERSIDAD\3ºAño\Segundo cuatrimestre\Desarrollo con tecnologías emergentes\Laboratorio\TG3\.venv\Lib\site-packages\sklearn\metrics\_classification.py:1561: UserWarning: Note that pos_label (set to 'Riesgo') is ignored when average != 'binary' (got 'weighted'). You may use labels=[pos_label] to specify a single positive class.
  warnings.warn(

2026-05-10 19:59:32,260:WARNING:D:\GUARDAR\UNIVERSIDAD\3ºAño\Segundo cuatrimestre\Desarrollo con tecnologías emergentes\Laboratorio\TG3\.venv\Lib\site-packages\sklearn\metrics\_classification.py:1561: UserWarning: Note that pos_label (set to 'Riesgo') is ignored when average != 'binary' (got 'weighted'). You may use labels=[pos_label] to specify a single positive class.
  warnings.warn(

2026-05-10 19:59:32,261:WARNING:D:\GUARDAR\UNIVERSIDAD\3ºAño\Segundo cuatrimestre\Desarrollo con tecnologías emergentes\Laboratorio\TG3\.venv\Lib\site-packages\sklearn\metrics\_classification.py:1561: UserWarning: Note that pos_label (set to 'Riesgo') is ignored when average != 'binary' (got 'weighted'). You may use labels=[pos_label] to specify a single positive class.
  warnings.warn(

2026-05-10 19:59:32,261:WARNING:D:\GUARDAR\UNIVERSIDAD\3ºAño\Segundo cuatrimestre\Desarrollo con tecnologías emergentes\Laboratorio\TG3\.venv\Lib\site-packages\sklearn\metrics\_classification.py:1561: UserWarning: Note that pos_label (set to 'Riesgo') is ignored when average != 'binary' (got 'weighted'). You may use labels=[pos_label] to specify a single positive class.
  warnings.warn(

2026-05-10 19:59:32,265:WARNING:D:\GUARDAR\UNIVERSIDAD\3ºAño\Segundo cuatrimestre\Desarrollo con tecnologías emergentes\Laboratorio\TG3\.venv\Lib\site-packages\sklearn\metrics\_classification.py:1561: UserWarning: Note that pos_label (set to 'Riesgo') is ignored when average != 'binary' (got 'weighted'). You may use labels=[pos_label] to specify a single positive class.
  warnings.warn(

2026-05-10 19:59:32,266:WARNING:D:\GUARDAR\UNIVERSIDAD\3ºAño\Segundo cuatrimestre\Desarrollo con tecnologías emergentes\Laboratorio\TG3\.venv\Lib\site-packages\sklearn\metrics\_classification.py:1561: UserWarning: Note that pos_label (set to 'Riesgo') is ignored when average != 'binary' (got 'weighted'). You may use labels=[pos_label] to specify a single positive class.
  warnings.warn(

2026-05-10 19:59:32,267:WARNING:D:\GUARDAR\UNIVERSIDAD\3ºAño\Segundo cuatrimestre\Desarrollo con tecnologías emergentes\Laboratorio\TG3\.venv\Lib\site-packages\sklearn\metrics\_classification.py:1561: UserWarning: Note that pos_label (set to 'Riesgo') is ignored when average != 'binary' (got 'weighted'). You may use labels=[pos_label] to specify a single positive class.
  warnings.warn(

2026-05-10 19:59:32,270:WARNING:D:\GUARDAR\UNIVERSIDAD\3ºAño\Segundo cuatrimestre\Desarrollo con tecnologías emergentes\Laboratorio\TG3\.venv\Lib\site-packages\sklearn\metrics\_classification.py:1561: UserWarning: Note that pos_label (set to 'Riesgo') is ignored when average != 'binary' (got 'weighted'). You may use labels=[pos_label] to specify a single positive class.
  warnings.warn(

2026-05-10 19:59:32,270:WARNING:D:\GUARDAR\UNIVERSIDAD\3ºAño\Segundo cuatrimestre\Desarrollo con tecnologías emergentes\Laboratorio\TG3\.venv\Lib\site-packages\sklearn\metrics\_classification.py:1561: UserWarning: Note that pos_label (set to 'Riesgo') is ignored when average != 'binary' (got 'weighted'). You may use labels=[pos_label] to specify a single positive class.
  warnings.warn(

2026-05-10 19:59:32,271:WARNING:D:\GUARDAR\UNIVERSIDAD\3ºAño\Segundo cuatrimestre\Desarrollo con tecnologías emergentes\Laboratorio\TG3\.venv\Lib\site-packages\sklearn\metrics\_classification.py:1561: UserWarning: Note that pos_label (set to 'Riesgo') is ignored when average != 'binary' (got 'weighted'). You may use labels=[pos_label] to specify a single positive class.
  warnings.warn(

2026-05-10 19:59:32,278:WARNING:D:\GUARDAR\UNIVERSIDAD\3ºAño\Segundo cuatrimestre\Desarrollo con tecnologías emergentes\Laboratorio\TG3\.venv\Lib\site-packages\sklearn\metrics\_classification.py:1561: UserWarning: Note that pos_label (set to 'Riesgo') is ignored when average != 'binary' (got 'weighted'). You may use labels=[pos_label] to specify a single positive class.
  warnings.warn(

2026-05-10 19:59:32,281:WARNING:D:\GUARDAR\UNIVERSIDAD\3ºAño\Segundo cuatrimestre\Desarrollo con tecnologías emergentes\Laboratorio\TG3\.venv\Lib\site-packages\sklearn\metrics\_classification.py:1561: UserWarning: Note that pos_label (set to 'Riesgo') is ignored when average != 'binary' (got 'weighted'). You may use labels=[pos_label] to specify a single positive class.
  warnings.warn(

2026-05-10 19:59:32,283:WARNING:D:\GUARDAR\UNIVERSIDAD\3ºAño\Segundo cuatrimestre\Desarrollo con tecnologías emergentes\Laboratorio\TG3\.venv\Lib\site-packages\sklearn\metrics\_classification.py:1561: UserWarning: Note that pos_label (set to 'Riesgo') is ignored when average != 'binary' (got 'weighted'). You may use labels=[pos_label] to specify a single positive class.
  warnings.warn(

2026-05-10 19:59:32,284:WARNING:D:\GUARDAR\UNIVERSIDAD\3ºAño\Segundo cuatrimestre\Desarrollo con tecnologías emergentes\Laboratorio\TG3\.venv\Lib\site-packages\sklearn\metrics\_classification.py:1561: UserWarning: Note that pos_label (set to 'Riesgo') is ignored when average != 'binary' (got 'weighted'). You may use labels=[pos_label] to specify a single positive class.
  warnings.warn(

2026-05-10 19:59:32,286:WARNING:D:\GUARDAR\UNIVERSIDAD\3ºAño\Segundo cuatrimestre\Desarrollo con tecnologías emergentes\Laboratorio\TG3\.venv\Lib\site-packages\sklearn\metrics\_classification.py:1561: UserWarning: Note that pos_label (set to 'Riesgo') is ignored when average != 'binary' (got 'weighted'). You may use labels=[pos_label] to specify a single positive class.
  warnings.warn(

2026-05-10 19:59:32,289:WARNING:D:\GUARDAR\UNIVERSIDAD\3ºAño\Segundo cuatrimestre\Desarrollo con tecnologías emergentes\Laboratorio\TG3\.venv\Lib\site-packages\sklearn\metrics\_classification.py:1561: UserWarning: Note that pos_label (set to 'Riesgo') is ignored when average != 'binary' (got 'weighted'). You may use labels=[pos_label] to specify a single positive class.
  warnings.warn(

2026-05-10 19:59:32,291:WARNING:D:\GUARDAR\UNIVERSIDAD\3ºAño\Segundo cuatrimestre\Desarrollo con tecnologías emergentes\Laboratorio\TG3\.venv\Lib\site-packages\sklearn\metrics\_classification.py:1561: UserWarning: Note that pos_label (set to 'Riesgo') is ignored when average != 'binary' (got 'weighted'). You may use labels=[pos_label] to specify a single positive class.
  warnings.warn(

2026-05-10 19:59:32,294:WARNING:D:\GUARDAR\UNIVERSIDAD\3ºAño\Segundo cuatrimestre\Desarrollo con tecnologías emergentes\Laboratorio\TG3\.venv\Lib\site-packages\sklearn\metrics\_classification.py:1561: UserWarning: Note that pos_label (set to 'Riesgo') is ignored when average != 'binary' (got 'weighted'). You may use labels=[pos_label] to specify a single positive class.
  warnings.warn(

2026-05-10 19:59:32,296:WARNING:D:\GUARDAR\UNIVERSIDAD\3ºAño\Segundo cuatrimestre\Desarrollo con tecnologías emergentes\Laboratorio\TG3\.venv\Lib\site-packages\sklearn\metrics\_classification.py:1561: UserWarning: Note that pos_label (set to 'Riesgo') is ignored when average != 'binary' (got 'weighted'). You may use labels=[pos_label] to specify a single positive class.
  warnings.warn(

2026-05-10 19:59:32,304:INFO:Calculating mean and std
2026-05-10 19:59:32,304:INFO:Creating metrics dataframe
2026-05-10 19:59:32,306:INFO:Uploading results into container
2026-05-10 19:59:32,306:INFO:Uploading model into container now
2026-05-10 19:59:32,307:INFO:_master_model_container: 12
2026-05-10 19:59:32,307:INFO:_display_container: 2
2026-05-10 19:59:32,307:INFO:ExtraTreesClassifier(bootstrap=False, ccp_alpha=0.0, class_weight=None,
                     criterion='gini', max_depth=None, max_features='sqrt',
                     max_leaf_nodes=None, max_samples=None,
                     min_impurity_decrease=0.0, min_samples_leaf=1,
                     min_samples_split=2, min_weight_fraction_leaf=0.0,
                     monotonic_cst=None, n_estimators=100, n_jobs=-1,
                     oob_score=False, random_state=42, verbose=0,
                     warm_start=False)
2026-05-10 19:59:32,307:INFO:create_model() successfully completed......................................
2026-05-10 19:59:32,368:INFO:SubProcess create_model() end ==================================
2026-05-10 19:59:32,369:INFO:Creating metrics dataframe
2026-05-10 19:59:32,370:INFO:Initializing Light Gradient Boosting Machine
2026-05-10 19:59:32,370:INFO:Total runtime is 0.17947866121927894 minutes
2026-05-10 19:59:32,371:INFO:SubProcess create_model() called ==================================
2026-05-10 19:59:32,371:INFO:Initializing create_model()
2026-05-10 19:59:32,371:INFO:create_model(self=<pycaret.classification.oop.ClassificationExperiment object at 0x0000024621E85DD0>, estimator=lightgbm, fold=StratifiedKFold(n_splits=10, random_state=None, shuffle=False), round=4, cross_validation=True, predict=True, fit_kwargs={}, groups=None, refit=False, probability_threshold=None, experiment_custom_tags=None, verbose=False, system=False, add_to_model_list=True, metrics=None, display=<pycaret.internal.display.display.CommonDisplay object at 0x0000024622127A90>, model_only=True, return_train_score=False, error_score=0.0, kwargs={})
2026-05-10 19:59:32,371:INFO:Checking exceptions
2026-05-10 19:59:32,371:INFO:Importing libraries
2026-05-10 19:59:32,371:INFO:Copying training dataset
2026-05-10 19:59:32,378:INFO:Defining folds
2026-05-10 19:59:32,378:INFO:Declaring metric variables
2026-05-10 19:59:32,378:INFO:Importing untrained model
2026-05-10 19:59:32,379:INFO:Light Gradient Boosting Machine Imported successfully
2026-05-10 19:59:32,379:INFO:Starting cross validation
2026-05-10 19:59:32,379:INFO:Cross validating with StratifiedKFold(n_splits=10, random_state=None, shuffle=False), n_jobs=-1
2026-05-10 19:59:33,003:WARNING:D:\GUARDAR\UNIVERSIDAD\3ºAño\Segundo cuatrimestre\Desarrollo con tecnologías emergentes\Laboratorio\TG3\.venv\Lib\site-packages\sklearn\metrics\_classification.py:1561: UserWarning: Note that pos_label (set to 'Riesgo') is ignored when average != 'binary' (got 'weighted'). You may use labels=[pos_label] to specify a single positive class.
  warnings.warn(

2026-05-10 19:59:33,004:WARNING:D:\GUARDAR\UNIVERSIDAD\3ºAño\Segundo cuatrimestre\Desarrollo con tecnologías emergentes\Laboratorio\TG3\.venv\Lib\site-packages\sklearn\metrics\_classification.py:1561: UserWarning: Note that pos_label (set to 'Riesgo') is ignored when average != 'binary' (got 'weighted'). You may use labels=[pos_label] to specify a single positive class.
  warnings.warn(

2026-05-10 19:59:33,007:WARNING:D:\GUARDAR\UNIVERSIDAD\3ºAño\Segundo cuatrimestre\Desarrollo con tecnologías emergentes\Laboratorio\TG3\.venv\Lib\site-packages\sklearn\metrics\_classification.py:1561: UserWarning: Note that pos_label (set to 'Riesgo') is ignored when average != 'binary' (got 'weighted'). You may use labels=[pos_label] to specify a single positive class.
  warnings.warn(

2026-05-10 19:59:33,008:WARNING:D:\GUARDAR\UNIVERSIDAD\3ºAño\Segundo cuatrimestre\Desarrollo con tecnologías emergentes\Laboratorio\TG3\.venv\Lib\site-packages\sklearn\metrics\_classification.py:1561: UserWarning: Note that pos_label (set to 'Riesgo') is ignored when average != 'binary' (got 'weighted'). You may use labels=[pos_label] to specify a single positive class.
  warnings.warn(

2026-05-10 19:59:33,012:WARNING:D:\GUARDAR\UNIVERSIDAD\3ºAño\Segundo cuatrimestre\Desarrollo con tecnologías emergentes\Laboratorio\TG3\.venv\Lib\site-packages\sklearn\metrics\_classification.py:1561: UserWarning: Note that pos_label (set to 'Riesgo') is ignored when average != 'binary' (got 'weighted'). You may use labels=[pos_label] to specify a single positive class.
  warnings.warn(

2026-05-10 19:59:33,013:WARNING:D:\GUARDAR\UNIVERSIDAD\3ºAño\Segundo cuatrimestre\Desarrollo con tecnologías emergentes\Laboratorio\TG3\.venv\Lib\site-packages\sklearn\metrics\_classification.py:1561: UserWarning: Note that pos_label (set to 'Riesgo') is ignored when average != 'binary' (got 'weighted'). You may use labels=[pos_label] to specify a single positive class.
  warnings.warn(

2026-05-10 19:59:33,018:WARNING:D:\GUARDAR\UNIVERSIDAD\3ºAño\Segundo cuatrimestre\Desarrollo con tecnologías emergentes\Laboratorio\TG3\.venv\Lib\site-packages\sklearn\metrics\_classification.py:1561: UserWarning: Note that pos_label (set to 'Riesgo') is ignored when average != 'binary' (got 'weighted'). You may use labels=[pos_label] to specify a single positive class.
  warnings.warn(

2026-05-10 19:59:33,019:WARNING:D:\GUARDAR\UNIVERSIDAD\3ºAño\Segundo cuatrimestre\Desarrollo con tecnologías emergentes\Laboratorio\TG3\.venv\Lib\site-packages\sklearn\metrics\_classification.py:1561: UserWarning: Note that pos_label (set to 'Riesgo') is ignored when average != 'binary' (got 'weighted'). You may use labels=[pos_label] to specify a single positive class.
  warnings.warn(

2026-05-10 19:59:33,022:WARNING:D:\GUARDAR\UNIVERSIDAD\3ºAño\Segundo cuatrimestre\Desarrollo con tecnologías emergentes\Laboratorio\TG3\.venv\Lib\site-packages\sklearn\metrics\_classification.py:1561: UserWarning: Note that pos_label (set to 'Riesgo') is ignored when average != 'binary' (got 'weighted'). You may use labels=[pos_label] to specify a single positive class.
  warnings.warn(

2026-05-10 19:59:33,024:WARNING:D:\GUARDAR\UNIVERSIDAD\3ºAño\Segundo cuatrimestre\Desarrollo con tecnologías emergentes\Laboratorio\TG3\.venv\Lib\site-packages\sklearn\metrics\_classification.py:1561: UserWarning: Note that pos_label (set to 'Riesgo') is ignored when average != 'binary' (got 'weighted'). You may use labels=[pos_label] to specify a single positive class.
  warnings.warn(

2026-05-10 19:59:33,027:WARNING:D:\GUARDAR\UNIVERSIDAD\3ºAño\Segundo cuatrimestre\Desarrollo con tecnologías emergentes\Laboratorio\TG3\.venv\Lib\site-packages\sklearn\metrics\_classification.py:1561: UserWarning: Note that pos_label (set to 'Riesgo') is ignored when average != 'binary' (got 'weighted'). You may use labels=[pos_label] to specify a single positive class.
  warnings.warn(

2026-05-10 19:59:33,029:WARNING:D:\GUARDAR\UNIVERSIDAD\3ºAño\Segundo cuatrimestre\Desarrollo con tecnologías emergentes\Laboratorio\TG3\.venv\Lib\site-packages\sklearn\metrics\_classification.py:1561: UserWarning: Note that pos_label (set to 'Riesgo') is ignored when average != 'binary' (got 'weighted'). You may use labels=[pos_label] to specify a single positive class.
  warnings.warn(

2026-05-10 19:59:33,051:WARNING:D:\GUARDAR\UNIVERSIDAD\3ºAño\Segundo cuatrimestre\Desarrollo con tecnologías emergentes\Laboratorio\TG3\.venv\Lib\site-packages\sklearn\metrics\_classification.py:1561: UserWarning: Note that pos_label (set to 'Riesgo') is ignored when average != 'binary' (got 'weighted'). You may use labels=[pos_label] to specify a single positive class.
  warnings.warn(

2026-05-10 19:59:33,056:WARNING:D:\GUARDAR\UNIVERSIDAD\3ºAño\Segundo cuatrimestre\Desarrollo con tecnologías emergentes\Laboratorio\TG3\.venv\Lib\site-packages\sklearn\metrics\_classification.py:1561: UserWarning: Note that pos_label (set to 'Riesgo') is ignored when average != 'binary' (got 'weighted'). You may use labels=[pos_label] to specify a single positive class.
  warnings.warn(

2026-05-10 19:59:33,060:WARNING:D:\GUARDAR\UNIVERSIDAD\3ºAño\Segundo cuatrimestre\Desarrollo con tecnologías emergentes\Laboratorio\TG3\.venv\Lib\site-packages\sklearn\metrics\_classification.py:1561: UserWarning: Note that pos_label (set to 'Riesgo') is ignored when average != 'binary' (got 'weighted'). You may use labels=[pos_label] to specify a single positive class.
  warnings.warn(

2026-05-10 19:59:33,061:WARNING:D:\GUARDAR\UNIVERSIDAD\3ºAño\Segundo cuatrimestre\Desarrollo con tecnologías emergentes\Laboratorio\TG3\.venv\Lib\site-packages\sklearn\metrics\_classification.py:1561: UserWarning: Note that pos_label (set to 'Riesgo') is ignored when average != 'binary' (got 'weighted'). You may use labels=[pos_label] to specify a single positive class.
  warnings.warn(

2026-05-10 19:59:33,066:WARNING:D:\GUARDAR\UNIVERSIDAD\3ºAño\Segundo cuatrimestre\Desarrollo con tecnologías emergentes\Laboratorio\TG3\.venv\Lib\site-packages\sklearn\metrics\_classification.py:1561: UserWarning: Note that pos_label (set to 'Riesgo') is ignored when average != 'binary' (got 'weighted'). You may use labels=[pos_label] to specify a single positive class.
  warnings.warn(

2026-05-10 19:59:33,070:WARNING:D:\GUARDAR\UNIVERSIDAD\3ºAño\Segundo cuatrimestre\Desarrollo con tecnologías emergentes\Laboratorio\TG3\.venv\Lib\site-packages\sklearn\metrics\_classification.py:1561: UserWarning: Note that pos_label (set to 'Riesgo') is ignored when average != 'binary' (got 'weighted'). You may use labels=[pos_label] to specify a single positive class.
  warnings.warn(

2026-05-10 19:59:33,127:WARNING:D:\GUARDAR\UNIVERSIDAD\3ºAño\Segundo cuatrimestre\Desarrollo con tecnologías emergentes\Laboratorio\TG3\.venv\Lib\site-packages\sklearn\metrics\_classification.py:1561: UserWarning: Note that pos_label (set to 'Riesgo') is ignored when average != 'binary' (got 'weighted'). You may use labels=[pos_label] to specify a single positive class.
  warnings.warn(

2026-05-10 19:59:33,130:WARNING:D:\GUARDAR\UNIVERSIDAD\3ºAño\Segundo cuatrimestre\Desarrollo con tecnologías emergentes\Laboratorio\TG3\.venv\Lib\site-packages\sklearn\metrics\_classification.py:1561: UserWarning: Note that pos_label (set to 'Riesgo') is ignored when average != 'binary' (got 'weighted'). You may use labels=[pos_label] to specify a single positive class.
  warnings.warn(

2026-05-10 19:59:33,132:WARNING:D:\GUARDAR\UNIVERSIDAD\3ºAño\Segundo cuatrimestre\Desarrollo con tecnologías emergentes\Laboratorio\TG3\.venv\Lib\site-packages\sklearn\metrics\_classification.py:1561: UserWarning: Note that pos_label (set to 'Riesgo') is ignored when average != 'binary' (got 'weighted'). You may use labels=[pos_label] to specify a single positive class.
  warnings.warn(

2026-05-10 19:59:33,134:WARNING:D:\GUARDAR\UNIVERSIDAD\3ºAño\Segundo cuatrimestre\Desarrollo con tecnologías emergentes\Laboratorio\TG3\.venv\Lib\site-packages\sklearn\metrics\_classification.py:1561: UserWarning: Note that pos_label (set to 'Riesgo') is ignored when average != 'binary' (got 'weighted'). You may use labels=[pos_label] to specify a single positive class.
  warnings.warn(

2026-05-10 19:59:33,136:WARNING:D:\GUARDAR\UNIVERSIDAD\3ºAño\Segundo cuatrimestre\Desarrollo con tecnologías emergentes\Laboratorio\TG3\.venv\Lib\site-packages\sklearn\metrics\_classification.py:1561: UserWarning: Note that pos_label (set to 'Riesgo') is ignored when average != 'binary' (got 'weighted'). You may use labels=[pos_label] to specify a single positive class.
  warnings.warn(

2026-05-10 19:59:33,138:WARNING:D:\GUARDAR\UNIVERSIDAD\3ºAño\Segundo cuatrimestre\Desarrollo con tecnologías emergentes\Laboratorio\TG3\.venv\Lib\site-packages\sklearn\metrics\_classification.py:1561: UserWarning: Note that pos_label (set to 'Riesgo') is ignored when average != 'binary' (got 'weighted'). You may use labels=[pos_label] to specify a single positive class.
  warnings.warn(

2026-05-10 19:59:33,143:WARNING:D:\GUARDAR\UNIVERSIDAD\3ºAño\Segundo cuatrimestre\Desarrollo con tecnologías emergentes\Laboratorio\TG3\.venv\Lib\site-packages\sklearn\metrics\_classification.py:1561: UserWarning: Note that pos_label (set to 'Riesgo') is ignored when average != 'binary' (got 'weighted'). You may use labels=[pos_label] to specify a single positive class.
  warnings.warn(

2026-05-10 19:59:33,148:WARNING:D:\GUARDAR\UNIVERSIDAD\3ºAño\Segundo cuatrimestre\Desarrollo con tecnologías emergentes\Laboratorio\TG3\.venv\Lib\site-packages\sklearn\metrics\_classification.py:1561: UserWarning: Note that pos_label (set to 'Riesgo') is ignored when average != 'binary' (got 'weighted'). You may use labels=[pos_label] to specify a single positive class.
  warnings.warn(

2026-05-10 19:59:33,152:WARNING:D:\GUARDAR\UNIVERSIDAD\3ºAño\Segundo cuatrimestre\Desarrollo con tecnologías emergentes\Laboratorio\TG3\.venv\Lib\site-packages\sklearn\metrics\_classification.py:1561: UserWarning: Note that pos_label (set to 'Riesgo') is ignored when average != 'binary' (got 'weighted'). You may use labels=[pos_label] to specify a single positive class.
  warnings.warn(

2026-05-10 19:59:33,154:WARNING:D:\GUARDAR\UNIVERSIDAD\3ºAño\Segundo cuatrimestre\Desarrollo con tecnologías emergentes\Laboratorio\TG3\.venv\Lib\site-packages\sklearn\metrics\_classification.py:1561: UserWarning: Note that pos_label (set to 'Riesgo') is ignored when average != 'binary' (got 'weighted'). You may use labels=[pos_label] to specify a single positive class.
  warnings.warn(

2026-05-10 19:59:33,158:WARNING:D:\GUARDAR\UNIVERSIDAD\3ºAño\Segundo cuatrimestre\Desarrollo con tecnologías emergentes\Laboratorio\TG3\.venv\Lib\site-packages\sklearn\metrics\_classification.py:1561: UserWarning: Note that pos_label (set to 'Riesgo') is ignored when average != 'binary' (got 'weighted'). You may use labels=[pos_label] to specify a single positive class.
  warnings.warn(

2026-05-10 19:59:33,162:WARNING:D:\GUARDAR\UNIVERSIDAD\3ºAño\Segundo cuatrimestre\Desarrollo con tecnologías emergentes\Laboratorio\TG3\.venv\Lib\site-packages\sklearn\metrics\_classification.py:1561: UserWarning: Note that pos_label (set to 'Riesgo') is ignored when average != 'binary' (got 'weighted'). You may use labels=[pos_label] to specify a single positive class.
  warnings.warn(

2026-05-10 19:59:33,171:INFO:Calculating mean and std
2026-05-10 19:59:33,172:INFO:Creating metrics dataframe
2026-05-10 19:59:33,173:INFO:Uploading results into container
2026-05-10 19:59:33,174:INFO:Uploading model into container now
2026-05-10 19:59:33,174:INFO:_master_model_container: 13
2026-05-10 19:59:33,174:INFO:_display_container: 2
2026-05-10 19:59:33,175:INFO:LGBMClassifier(boosting_type='gbdt', class_weight=None, colsample_bytree=1.0,
               importance_type='split', learning_rate=0.1, max_depth=-1,
               min_child_samples=20, min_child_weight=0.001, min_split_gain=0.0,
               n_estimators=100, n_jobs=-1, num_leaves=31, objective=None,
               random_state=42, reg_alpha=0.0, reg_lambda=0.0, subsample=1.0,
               subsample_for_bin=200000, subsample_freq=0)
2026-05-10 19:59:33,175:INFO:create_model() successfully completed......................................
2026-05-10 19:59:33,252:INFO:SubProcess create_model() end ==================================
2026-05-10 19:59:33,252:INFO:Creating metrics dataframe
2026-05-10 19:59:33,254:INFO:Initializing Dummy Classifier
2026-05-10 19:59:33,254:INFO:Total runtime is 0.1942119797070821 minutes
2026-05-10 19:59:33,254:INFO:SubProcess create_model() called ==================================
2026-05-10 19:59:33,254:INFO:Initializing create_model()
2026-05-10 19:59:33,254:INFO:create_model(self=<pycaret.classification.oop.ClassificationExperiment object at 0x0000024621E85DD0>, estimator=dummy, fold=StratifiedKFold(n_splits=10, random_state=None, shuffle=False), round=4, cross_validation=True, predict=True, fit_kwargs={}, groups=None, refit=False, probability_threshold=None, experiment_custom_tags=None, verbose=False, system=False, add_to_model_list=True, metrics=None, display=<pycaret.internal.display.display.CommonDisplay object at 0x0000024622127A90>, model_only=True, return_train_score=False, error_score=0.0, kwargs={})
2026-05-10 19:59:33,254:INFO:Checking exceptions
2026-05-10 19:59:33,254:INFO:Importing libraries
2026-05-10 19:59:33,254:INFO:Copying training dataset
2026-05-10 19:59:33,261:INFO:Defining folds
2026-05-10 19:59:33,261:INFO:Declaring metric variables
2026-05-10 19:59:33,262:INFO:Importing untrained model
2026-05-10 19:59:33,262:INFO:Dummy Classifier Imported successfully
2026-05-10 19:59:33,262:INFO:Starting cross validation
2026-05-10 19:59:33,262:INFO:Cross validating with StratifiedKFold(n_splits=10, random_state=None, shuffle=False), n_jobs=-1
2026-05-10 19:59:33,313:WARNING:D:\GUARDAR\UNIVERSIDAD\3ºAño\Segundo cuatrimestre\Desarrollo con tecnologías emergentes\Laboratorio\TG3\.venv\Lib\site-packages\sklearn\metrics\_classification.py:1561: UserWarning: Note that pos_label (set to 'Riesgo') is ignored when average != 'binary' (got 'weighted'). You may use labels=[pos_label] to specify a single positive class.
  warnings.warn(

2026-05-10 19:59:33,317:WARNING:D:\GUARDAR\UNIVERSIDAD\3ºAño\Segundo cuatrimestre\Desarrollo con tecnologías emergentes\Laboratorio\TG3\.venv\Lib\site-packages\sklearn\metrics\_classification.py:1561: UserWarning: Note that pos_label (set to 'Riesgo') is ignored when average != 'binary' (got 'weighted'). You may use labels=[pos_label] to specify a single positive class.
  warnings.warn(

2026-05-10 19:59:33,317:WARNING:D:\GUARDAR\UNIVERSIDAD\3ºAño\Segundo cuatrimestre\Desarrollo con tecnologías emergentes\Laboratorio\TG3\.venv\Lib\site-packages\sklearn\metrics\_classification.py:1561: UserWarning: Note that pos_label (set to 'Riesgo') is ignored when average != 'binary' (got 'weighted'). You may use labels=[pos_label] to specify a single positive class.
  warnings.warn(

2026-05-10 19:59:33,317:WARNING:D:\GUARDAR\UNIVERSIDAD\3ºAño\Segundo cuatrimestre\Desarrollo con tecnologías emergentes\Laboratorio\TG3\.venv\Lib\site-packages\sklearn\metrics\_classification.py:1561: UserWarning: Note that pos_label (set to 'Riesgo') is ignored when average != 'binary' (got 'weighted'). You may use labels=[pos_label] to specify a single positive class.
  warnings.warn(

2026-05-10 19:59:33,319:WARNING:D:\GUARDAR\UNIVERSIDAD\3ºAño\Segundo cuatrimestre\Desarrollo con tecnologías emergentes\Laboratorio\TG3\.venv\Lib\site-packages\sklearn\metrics\_classification.py:1561: UserWarning: Note that pos_label (set to 'Riesgo') is ignored when average != 'binary' (got 'weighted'). You may use labels=[pos_label] to specify a single positive class.
  warnings.warn(

2026-05-10 19:59:33,320:WARNING:D:\GUARDAR\UNIVERSIDAD\3ºAño\Segundo cuatrimestre\Desarrollo con tecnologías emergentes\Laboratorio\TG3\.venv\Lib\site-packages\sklearn\metrics\_classification.py:1561: UserWarning: Note that pos_label (set to 'Riesgo') is ignored when average != 'binary' (got 'weighted'). You may use labels=[pos_label] to specify a single positive class.
  warnings.warn(

2026-05-10 19:59:33,320:WARNING:D:\GUARDAR\UNIVERSIDAD\3ºAño\Segundo cuatrimestre\Desarrollo con tecnologías emergentes\Laboratorio\TG3\.venv\Lib\site-packages\sklearn\metrics\_classification.py:1509: UndefinedMetricWarning: Precision is ill-defined and being set to 0.0 in labels with no predicted samples. Use `zero_division` parameter to control this behavior.
  _warn_prf(average, modifier, f"{metric.capitalize()} is", len(result))

2026-05-10 19:59:33,321:WARNING:D:\GUARDAR\UNIVERSIDAD\3ºAño\Segundo cuatrimestre\Desarrollo con tecnologías emergentes\Laboratorio\TG3\.venv\Lib\site-packages\sklearn\metrics\_classification.py:1561: UserWarning: Note that pos_label (set to 'Riesgo') is ignored when average != 'binary' (got 'weighted'). You may use labels=[pos_label] to specify a single positive class.
  warnings.warn(

2026-05-10 19:59:33,321:WARNING:D:\GUARDAR\UNIVERSIDAD\3ºAño\Segundo cuatrimestre\Desarrollo con tecnologías emergentes\Laboratorio\TG3\.venv\Lib\site-packages\sklearn\metrics\_classification.py:1561: UserWarning: Note that pos_label (set to 'Riesgo') is ignored when average != 'binary' (got 'weighted'). You may use labels=[pos_label] to specify a single positive class.
  warnings.warn(

, f"{metric.capitalize()} is", len(result))

2026-05-10 19:59:33,322:WARNING:D:\GUARDAR\UNIVERSIDAD\3ºAño\Segundo cuatrimestre\Desarrollo con tecnologías emergentes\Laboratorio\TG3\.venv\Lib\site-packages\sklearn\metrics\_classification.py:1561: UserWarning: Note that pos_label (set to 'Riesgo') is ignored when average != 'binary' (got 'weighted'). You may use labels=[pos_label] to specify a single positive class.
  warnings.warn(

2026-05-10 19:59:33,322:WARNING:D:\GUARDAR\UNIVERSIDAD\3ºAño\Segundo cuatrimestre\Desarrollo con tecnologías emergentes\Laboratorio\TG3\.venv\Lib\site-packages\sklearn\metrics\_classification.py:1561: UserWarning: Note that pos_label (set to 'Riesgo') is ignored when average != 'binary' (got 'weighted'). You may use labels=[pos_label] to specify a single positive class.
  warnings.warn(

2026-05-10 19:59:33,323:WARNING:D:\GUARDAR\UNIVERSIDAD\3ºAño\Segundo cuatrimestre\Desarrollo con tecnologías emergentes\Laboratorio\TG3\.venv\Lib\site-packages\sklearn\metrics\_classification.py:1561: UserWarning: Note that pos_label (set to 'Riesgo') is ignored when average != 'binary' (got 'weighted'). You may use labels=[pos_label] to specify a single positive class.
  warnings.warn(

2026-05-10 19:59:33,324:WARNING:D:\GUARDAR\UNIVERSIDAD\3ºAño\Segundo cuatrimestre\Desarrollo con tecnologías emergentes\Laboratorio\TG3\.venv\Lib\site-packages\sklearn\metrics\_classification.py:1509: UndefinedMetricWarning: Precision is ill-defined and being set to 0.0 in labels with no predicted samples. Use `zero_division` parameter to control this behavior.
  _warn_prf(average, modifier, f"{metric.capitalize()} is", len(result))

2026-05-10 19:59:33,324:WARNING:D:\GUARDAR\UNIVERSIDAD\3ºAño\Segundo cuatrimestre\Desarrollo con tecnologías emergentes\Laboratorio\TG3\.venv\Lib\site-packages\sklearn\metrics\_classification.py:1561: UserWarning: Note that pos_label (set to 'Riesgo') is ignored when average != 'binary' (got 'weighted'). You may use labels=[pos_label] to specify a single positive class.
  warnings.warn(

2026-05-10 19:59:33,324:WARNING:D:\GUARDAR\UNIVERSIDAD\3ºAño\Segundo cuatrimestre\Desarrollo con tecnologías emergentes\Laboratorio\TG3\.venv\Lib\site-packages\sklearn\metrics\_classification.py:1561: UserWarning: Note that pos_label (set to 'Riesgo') is ignored when average != 'binary' (got 'weighted'). You may use labels=[pos_label] to specify a single positive class.
  warnings.warn(

2026-05-10 19:59:33,325:WARNING:D:\GUARDAR\UNIVERSIDAD\3ºAño\Segundo cuatrimestre\Desarrollo con tecnologías emergentes\Laboratorio\TG3\.venv\Lib\site-packages\sklearn\metrics\_classification.py:1561: UserWarning: Note that pos_label (set to 'Riesgo') is ignored when average != 'binary' (got 'weighted'). You may use labels=[pos_label] to specify a single positive class.
  warnings.warn(

2026-05-10 19:59:33,325:WARNING:D:\GUARDAR\UNIVERSIDAD\3ºAño\Segundo cuatrimestre\Desarrollo con tecnologías emergentes\Laboratorio\TG3\.venv\Lib\site-packages\sklearn\metrics\_classification.py:1509: UndefinedMetricWarning: Precision is ill-defined and being set to 0.0 in labels with no predicted samples. Use `zero_division` parameter to control this behavior.
  _warn_prf(average, modifier, f"{metric.capitalize()} is", len(result))

2026-05-10 19:59:33,325:WARNING:D:\GUARDAR\UNIVERSIDAD\3ºAño\Segundo cuatrimestre\Desarrollo con tecnologías emergentes\Laboratorio\TG3\.venv\Lib\site-packages\sklearn\metrics\_classification.py:1561: UserWarning: Note that pos_label (set to 'Riesgo') is ignored when average != 'binary' (got 'weighted'). You may use labels=[pos_label] to specify a single positive class.
  warnings.warn(

2026-05-10 19:59:33,326:WARNING:D:\GUARDAR\UNIVERSIDAD\3ºAño\Segundo cuatrimestre\Desarrollo con tecnologías emergentes\Laboratorio\TG3\.venv\Lib\site-packages\sklearn\metrics\_classification.py:1561: UserWarning: Note that pos_label (set to 'Riesgo') is ignored when average != 'binary' (got 'weighted'). You may use labels=[pos_label] to specify a single positive class.
  warnings.warn(

2026-05-10 19:59:33,327:WARNING:D:\GUARDAR\UNIVERSIDAD\3ºAño\Segundo cuatrimestre\Desarrollo con tecnologías emergentes\Laboratorio\TG3\.venv\Lib\site-packages\sklearn\metrics\_classification.py:1509: UndefinedMetricWarning: Precision is ill-defined and being set to 0.0 in labels with no predicted samples. Use `zero_division` parameter to control this behavior.
  _warn_prf(average, modifier, f"{metric.capitalize()} is", len(result))

2026-05-10 19:59:33,327:WARNING:D:\GUARDAR\UNIVERSIDAD\3ºAño\Segundo cuatrimestre\Desarrollo con tecnologías emergentes\Laboratorio\TG3\.venv\Lib\site-packages\sklearn\metrics\_classification.py:1561: UserWarning: Note that pos_label (set to 'Riesgo') is ignored when average != 'binary' (got 'weighted'). You may use labels=[pos_label] to specify a single positive class.
  warnings.warn(

2026-05-10 19:59:33,327:WARNING:D:\GUARDAR\UNIVERSIDAD\3ºAño\Segundo cuatrimestre\Desarrollo con tecnologías emergentes\Laboratorio\TG3\.venv\Lib\site-packages\sklearn\metrics\_classification.py:1561: UserWarning: Note that pos_label (set to 'Riesgo') is ignored when average != 'binary' (got 'weighted'). You may use labels=[pos_label] to specify a single positive class.
  warnings.warn(

2026-05-10 19:59:33,327:WARNING:D:\GUARDAR\UNIVERSIDAD\3ºAño\Segundo cuatrimestre\Desarrollo con tecnologías emergentes\Laboratorio\TG3\.venv\Lib\site-packages\sklearn\metrics\_classification.py:1561: UserWarning: Note that pos_label (set to 'Riesgo') is ignored when average != 'binary' (got 'weighted'). You may use labels=[pos_label] to specify a single positive class.
  warnings.warn(

2026-05-10 19:59:33,327:WARNING:D:\GUARDAR\UNIVERSIDAD\3ºAño\Segundo cuatrimestre\Desarrollo con tecnologías emergentes\Laboratorio\TG3\.venv\Lib\site-packages\sklearn\metrics\_classification.py:1509: UndefinedMetricWarning: Precision is ill-defined and being set to 0.0 in labels with no predicted samples. Use `zero_division` parameter to control this behavior.
  _warn_prf(average, modifier, f"{metric.capitalize()} is", len(result))

2026-05-10 19:59:33,328:WARNING:D:\GUARDAR\UNIVERSIDAD\3ºAño\Segundo cuatrimestre\Desarrollo con tecnologías emergentes\Laboratorio\TG3\.venv\Lib\site-packages\sklearn\metrics\_classification.py:1561: UserWarning: Note that pos_label (set to 'Riesgo') is ignored when average != 'binary' (got 'weighted'). You may use labels=[pos_label] to specify a single positive class.
  warnings.warn(

2026-05-10 19:59:33,328:WARNING:D:\GUARDAR\UNIVERSIDAD\3ºAño\Segundo cuatrimestre\Desarrollo con tecnologías emergentes\Laboratorio\TG3\.venv\Lib\site-packages\sklearn\metrics\_classification.py:1561: UserWarning: Note that pos_label (set to 'Riesgo') is ignored when average != 'binary' (got 'weighted'). You may use labels=[pos_label] to specify a single positive class.
  warnings.warn(

2026-05-10 19:59:33,329:WARNING:D:\GUARDAR\UNIVERSIDAD\3ºAño\Segundo cuatrimestre\Desarrollo con tecnologías emergentes\Laboratorio\TG3\.venv\Lib\site-packages\sklearn\metrics\_classification.py:1561: UserWarning: Note that pos_label (set to 'Riesgo') is ignored when average != 'binary' (got 'weighted'). You may use labels=[pos_label] to specify a single positive class.
  warnings.warn(

2026-05-10 19:59:33,330:WARNING:D:\GUARDAR\UNIVERSIDAD\3ºAño\Segundo cuatrimestre\Desarrollo con tecnologías emergentes\Laboratorio\TG3\.venv\Lib\site-packages\sklearn\metrics\_classification.py:1561: UserWarning: Note that pos_label (set to 'Riesgo') is ignored when average != 'binary' (got 'weighted'). You may use labels=[pos_label] to specify a single positive class.
  warnings.warn(

2026-05-10 19:59:33,330:WARNING:D:\GUARDAR\UNIVERSIDAD\3ºAño\Segundo cuatrimestre\Desarrollo con tecnologías emergentes\Laboratorio\TG3\.venv\Lib\site-packages\sklearn\metrics\_classification.py:1509: UndefinedMetricWarning: Precision is ill-defined and being set to 0.0 in labels with no predicted samples. Use `zero_division` parameter to control this behavior.
  _warn_prf(average, modifier, f"{metric.capitalize()} is", len(result))

2026-05-10 19:59:33,330:WARNING:D:\GUARDAR\UNIVERSIDAD\3ºAño\Segundo cuatrimestre\Desarrollo con tecnologías emergentes\Laboratorio\TG3\.venv\Lib\site-packages\sklearn\metrics\_classification.py:1561: UserWarning: Note that pos_label (set to 'Riesgo') is ignored when average != 'binary' (got 'weighted'). You may use labels=[pos_label] to specify a single positive class.
  warnings.warn(

2026-05-10 19:59:33,332:WARNING:D:\GUARDAR\UNIVERSIDAD\3ºAño\Segundo cuatrimestre\Desarrollo con tecnologías emergentes\Laboratorio\TG3\.venv\Lib\site-packages\sklearn\metrics\_classification.py:1561: UserWarning: Note that pos_label (set to 'Riesgo') is ignored when average != 'binary' (got 'weighted'). You may use labels=[pos_label] to specify a single positive class.
  warnings.warn(

2026-05-10 19:59:33,332:WARNING:D:\GUARDAR\UNIVERSIDAD\3ºAño\Segundo cuatrimestre\Desarrollo con tecnologías emergentes\Laboratorio\TG3\.venv\Lib\site-packages\sklearn\metrics\_classification.py:1561: UserWarning: Note that pos_label (set to 'Riesgo') is ignored when average != 'binary' (got 'weighted'). You may use labels=[pos_label] to specify a single positive class.
  warnings.warn(

2026-05-10 19:59:33,332:WARNING:D:\GUARDAR\UNIVERSIDAD\3ºAño\Segundo cuatrimestre\Desarrollo con tecnologías emergentes\Laboratorio\TG3\.venv\Lib\site-packages\sklearn\metrics\_classification.py:1509: UndefinedMetricWarning: Precision is ill-defined and being set to 0.0 in labels with no predicted samples. Use `zero_division` parameter to control this behavior.
  _warn_prf(average, modifier, f"{metric.capitalize()} is", len(result))

2026-05-10 19:59:33,333:WARNING:D:\GUARDAR\UNIVERSIDAD\3ºAño\Segundo cuatrimestre\Desarrollo con tecnologías emergentes\Laboratorio\TG3\.venv\Lib\site-packages\sklearn\metrics\_classification.py:1561: UserWarning: Note that pos_label (set to 'Riesgo') is ignored when average != 'binary' (got 'weighted'). You may use labels=[pos_label] to specify a single positive class.
  warnings.warn(

2026-05-10 19:59:33,334:WARNING:D:\GUARDAR\UNIVERSIDAD\3ºAño\Segundo cuatrimestre\Desarrollo con tecnologías emergentes\Laboratorio\TG3\.venv\Lib\site-packages\sklearn\metrics\_classification.py:1509: UndefinedMetricWarning: Precision is ill-defined and being set to 0.0 in labels with no predicted samples. Use `zero_division` parameter to control this behavior.
  _warn_prf(average, modifier, f"{metric.capitalize()} is", len(result))

2026-05-10 19:59:33,334:WARNING:D:\GUARDAR\UNIVERSIDAD\3ºAño\Segundo cuatrimestre\Desarrollo con tecnologías emergentes\Laboratorio\TG3\.venv\Lib\site-packages\sklearn\metrics\_classification.py:1561: UserWarning: Note that pos_label (set to 'Riesgo') is ignored when average != 'binary' (got 'weighted'). You may use labels=[pos_label] to specify a single positive class.
  warnings.warn(

2026-05-10 19:59:33,335:WARNING:D:\GUARDAR\UNIVERSIDAD\3ºAño\Segundo cuatrimestre\Desarrollo con tecnologías emergentes\Laboratorio\TG3\.venv\Lib\site-packages\sklearn\metrics\_classification.py:1509: UndefinedMetricWarning: Precision is ill-defined and being set to 0.0 in labels with no predicted samples. Use `zero_division` parameter to control this behavior.
  _warn_prf(average, modifier, f"{metric.capitalize()} is", len(result))

2026-05-10 19:59:33,336:WARNING:D:\GUARDAR\UNIVERSIDAD\3ºAño\Segundo cuatrimestre\Desarrollo con tecnologías emergentes\Laboratorio\TG3\.venv\Lib\site-packages\sklearn\metrics\_classification.py:1561: UserWarning: Note that pos_label (set to 'Riesgo') is ignored when average != 'binary' (got 'weighted'). You may use labels=[pos_label] to specify a single positive class.
  warnings.warn(

2026-05-10 19:59:33,337:WARNING:D:\GUARDAR\UNIVERSIDAD\3ºAño\Segundo cuatrimestre\Desarrollo con tecnologías emergentes\Laboratorio\TG3\.venv\Lib\site-packages\sklearn\metrics\_classification.py:1561: UserWarning: Note that pos_label (set to 'Riesgo') is ignored when average != 'binary' (got 'weighted'). You may use labels=[pos_label] to specify a single positive class.
  warnings.warn(

2026-05-10 19:59:33,348:INFO:Calculating mean and std
2026-05-10 19:59:33,348:INFO:Creating metrics dataframe
2026-05-10 19:59:33,350:INFO:Uploading results into container
2026-05-10 19:59:33,350:INFO:Uploading model into container now
2026-05-10 19:59:33,350:INFO:_master_model_container: 14
2026-05-10 19:59:33,351:INFO:_display_container: 2
2026-05-10 19:59:33,351:INFO:DummyClassifier(constant=None, random_state=42, strategy='prior')
2026-05-10 19:59:33,351:INFO:create_model() successfully completed......................................
2026-05-10 19:59:33,414:INFO:SubProcess create_model() end ==================================
2026-05-10 19:59:33,414:INFO:Creating metrics dataframe
2026-05-10 19:59:33,417:WARNING:D:\GUARDAR\UNIVERSIDAD\3ºAño\Segundo cuatrimestre\Desarrollo con tecnologías emergentes\Laboratorio\TG3\.venv\Lib\site-packages\pycaret\internal\pycaret_experiment\supervised_experiment.py:339: FutureWarning: Styler.applymap has been deprecated. Use Styler.map instead.
  .applymap(highlight_cols, subset=["TT (Sec)"])

2026-05-10 19:59:33,418:INFO:Initializing create_model()
2026-05-10 19:59:33,418:INFO:create_model(self=<pycaret.classification.oop.ClassificationExperiment object at 0x0000024621E85DD0>, estimator=LogisticRegression(C=1.0, class_weight=None, dual=False, fit_intercept=True,
                   intercept_scaling=1, l1_ratio=None, max_iter=1000,
                   multi_class='auto', n_jobs=None, penalty='l2',
                   random_state=42, solver='lbfgs', tol=0.0001, verbose=0,
                   warm_start=False), fold=StratifiedKFold(n_splits=10, random_state=None, shuffle=False), round=4, cross_validation=False, predict=False, fit_kwargs={}, groups=None, refit=True, probability_threshold=None, experiment_custom_tags=None, verbose=False, system=False, add_to_model_list=True, metrics=None, display=None, model_only=True, return_train_score=False, error_score=0.0, kwargs={})
2026-05-10 19:59:33,418:INFO:Checking exceptions
2026-05-10 19:59:33,419:INFO:Importing libraries
2026-05-10 19:59:33,419:INFO:Copying training dataset
2026-05-10 19:59:33,426:INFO:Defining folds
2026-05-10 19:59:33,426:INFO:Declaring metric variables
2026-05-10 19:59:33,426:INFO:Importing untrained model
2026-05-10 19:59:33,426:INFO:Declaring custom model
2026-05-10 19:59:33,427:INFO:Logistic Regression Imported successfully
2026-05-10 19:59:33,427:INFO:Cross validation set to False
2026-05-10 19:59:33,427:INFO:Fitting Model
2026-05-10 19:59:33,455:INFO:LogisticRegression(C=1.0, class_weight=None, dual=False, fit_intercept=True,
                   intercept_scaling=1, l1_ratio=None, max_iter=1000,
                   multi_class='auto', n_jobs=None, penalty='l2',
                   random_state=42, solver='lbfgs', tol=0.0001, verbose=0,
                   warm_start=False)
2026-05-10 19:59:33,455:INFO:create_model() successfully completed......................................
2026-05-10 19:59:33,526:INFO:_master_model_container: 14
2026-05-10 19:59:33,526:INFO:_display_container: 2
2026-05-10 19:59:33,527:INFO:LogisticRegression(C=1.0, class_weight=None, dual=False, fit_intercept=True,
                   intercept_scaling=1, l1_ratio=None, max_iter=1000,
                   multi_class='auto', n_jobs=None, penalty='l2',
                   random_state=42, solver='lbfgs', tol=0.0001, verbose=0,
                   warm_start=False)
2026-05-10 19:59:33,527:INFO:compare_models() successfully completed......................................
2026-05-10 19:59:33,529:INFO:Initializing predict_model()
2026-05-10 19:59:33,529:INFO:predict_model(self=<pycaret.classification.oop.ClassificationExperiment object at 0x0000024621E85DD0>, estimator=LogisticRegression(C=1.0, class_weight=None, dual=False, fit_intercept=True,
                   intercept_scaling=1, l1_ratio=None, max_iter=1000,
                   multi_class='auto', n_jobs=None, penalty='l2',
                   random_state=42, solver='lbfgs', tol=0.0001, verbose=0,
                   warm_start=False), probability_threshold=None, encoded_labels=False, raw_score=False, round=4, verbose=True, ml_usecase=None, preprocess=True, encode_labels=<function _SupervisedExperiment.predict_model.<locals>.encode_labels at 0x00000246212BFB00>)
2026-05-10 19:59:33,529:INFO:Checking exceptions
2026-05-10 19:59:33,529:INFO:Preloading libraries
2026-05-10 19:59:33,595:WARNING:D:\GUARDAR\UNIVERSIDAD\3ºAño\Segundo cuatrimestre\Desarrollo con tecnologías emergentes\Laboratorio\TG3\.venv\Lib\site-packages\sklearn\metrics\_classification.py:1561: UserWarning: Note that pos_label (set to 'Riesgo') is ignored when average != 'binary' (got 'weighted'). You may use labels=[pos_label] to specify a single positive class.
  warnings.warn(

2026-05-10 19:59:33,599:WARNING:D:\GUARDAR\UNIVERSIDAD\3ºAño\Segundo cuatrimestre\Desarrollo con tecnologías emergentes\Laboratorio\TG3\.venv\Lib\site-packages\sklearn\metrics\_classification.py:1561: UserWarning: Note that pos_label (set to 'Riesgo') is ignored when average != 'binary' (got 'weighted'). You may use labels=[pos_label] to specify a single positive class.
  warnings.warn(

2026-05-10 19:59:33,603:WARNING:D:\GUARDAR\UNIVERSIDAD\3ºAño\Segundo cuatrimestre\Desarrollo con tecnologías emergentes\Laboratorio\TG3\.venv\Lib\site-packages\sklearn\metrics\_classification.py:1561: UserWarning: Note that pos_label (set to 'Riesgo') is ignored when average != 'binary' (got 'weighted'). You may use labels=[pos_label] to specify a single positive class.
  warnings.warn(

2026-05-10 19:59:33,996:INFO:Initializing save_model()
2026-05-10 19:59:33,997:INFO:save_model(model=LogisticRegression(C=1.0, class_weight=None, dual=False, fit_intercept=True,
                   intercept_scaling=1, l1_ratio=None, max_iter=1000,
                   multi_class='auto', n_jobs=None, penalty='l2',
                   random_state=42, solver='lbfgs', tol=0.0001, verbose=0,
                   warm_start=False), model_name=D:\GUARDAR\UNIVERSIDAD\3ºAño\Segundo cuatrimestre\Desarrollo con tecnologías emergentes\Laboratorio\TG3\tg3\prototipo-b\results\modelo_pycaret, prep_pipe_=Pipeline(memory=FastMemory(location=C:\Users\glope\AppData\Local\Temp\joblib),
         steps=[('label_encoding',
                 TransformerWrapperWithInverse(exclude=None, include=None,
                                               transformer=LabelEncoder())),
                ('numerical_imputer',
                 TransformerWrapper(exclude=None,
                                    include=['Marital status',
                                             'Application mode',
                                             'Application order', 'Course',
                                             'Daytime/evening attendance',
                                             'Previous q...
                                                              fill_value=None,
                                                              keep_empty_features=False,
                                                              missing_values=nan,
                                                              strategy='most_frequent'))),
                ('normalize',
                 TransformerWrapper(exclude=None, include=None,
                                    transformer=StandardScaler(copy=True,
                                                               with_mean=True,
                                                               with_std=True))),
                ('clean_column_names',
                 TransformerWrapper(exclude=None, include=None,
                                    transformer=CleanColumnNames(match='[\\]\\[\\,\\{\\}\\"\\:]+')))],
         verbose=False), verbose=True, use_case=MLUsecase.CLASSIFICATION, kwargs={})
2026-05-10 19:59:33,997:INFO:Adding model into prep_pipe
2026-05-10 19:59:34,000:INFO:D:\GUARDAR\UNIVERSIDAD\3ºAño\Segundo cuatrimestre\Desarrollo con tecnologías emergentes\Laboratorio\TG3\tg3\prototipo-b\results\modelo_pycaret.pkl saved in current working directory
2026-05-10 19:59:34,005:INFO:Pipeline(memory=Memory(location=None),
         steps=[('label_encoding',
                 TransformerWrapperWithInverse(exclude=None, include=None,
                                               transformer=LabelEncoder())),
                ('numerical_imputer',
                 TransformerWrapper(exclude=None,
                                    include=['Marital status',
                                             'Application mode',
                                             'Application order', 'Course',
                                             'Daytime/evening attendance',
                                             'Previous qualification',
                                             'Previous qualification (gra...
                 TransformerWrapper(exclude=None, include=None,
                                    transformer=CleanColumnNames(match='[\\]\\[\\,\\{\\}\\"\\:]+'))),
                ('trained_model',
                 LogisticRegression(C=1.0, class_weight=None, dual=False,
                                    fit_intercept=True, intercept_scaling=1,
                                    l1_ratio=None, max_iter=1000,
                                    multi_class='auto', n_jobs=None,
                                    penalty='l2', random_state=42,
                                    solver='lbfgs', tol=0.0001, verbose=0,
                                    warm_start=False))],
         verbose=False)
2026-05-10 19:59:34,005:INFO:save_model() successfully completed......................................
